DeveloperName,RERA_Number,ProjectName,PropertyType,Area,PossessionDate,TotalUnits,AreaSizeAcres,Configurations,MinSizeSqft,MaxSizeSqft,PricePerSqft,TotalPrice,PossessionStatus
Poorna Nanda Green Homes,P02400004948,Poorna PG Green Homes,apartment,Abdullahpurmet,1/1/2025,20,0.17,2BHK,1140.0,1250.0,4200.0,4788000.0,ready
Northstar Homes,P02500005496,Northstar SP Palacio,apartment,Abids,9/1/2028,118,2.17,"3BHK , 4BHK",2251.0,3955.0,12700.0,28587700.0,future
Bhoomireddy Kumar Reddy,P02400005164,Srikruti Elite,plot,Adibatla,1/1/2025,155,10.27,Plot,1350.0,3186.0,6358.0,8583300.0,ready
Bhoomireddy Kumar Reddy,P02400005164,Srikruti Elite,plot,Adibatla,1/1/2025,155,10.27,Plot,1350.0,3180.0,6358.0,8583300.0,ready
DSNR Constructions,P02400004286,DSNR Sri Sai Panchavati Hills,plot,Adibatla,10/1/2022,108,8.0,Plot,1422.0,3726.0,6358.0,9041076.0,ready
V Venkatesh And Others,P02400003731,V Skyline Homes,apartment,Adibatla,1/1/2025,648,5.0,"2BHK , 3BHK",1050.0,1410.0,3750.0,3937500.0,ready
Navabhoomi Developers,P02400005945,Navabhoomi city grande,plot,Adibatla,2/1/2025,442,24.0,Plot,1485.0,1800.0,3880.0,5761800.0,ready
Elegant Infra Developers,P02400005578,Elegant La Casa,apartment,Adibatla,6/1/2025,544,22.0,4BHK,4054.0,5584.0,9000.0,36486000.0,ready
IRA Realty,P02400005775,IRA The Square Villas,apartment,Adibatla,12/1/2025,131,1.16,4BHK,1785.0,3700.0,8800.0,15708000.0,ready
Abode ventures,P02200004183,Abode Eden Homes,apartment,Ahmedguda,10/1/2027,172,1.49,"2BHK , 3BHK",895.0,1125.0,4000.0,3580000.0,future
Anuhar Homes,P02400000820,Rami Reddy Tower,apartment,Alkapoor Township,12/1/2023,370,4.0,"2BHK, 3BHK",1280.0,2810.0,7500.0,9600000.0,ready
Sri Venkateshwara Infra Developers,P02000002854,Sri Venkateshwara Lumbini Elite,plot,Alkapoor Township,1/1/2023,80,5.69,Plot,1098.0,4101.0,7500.0,8235000.0,ready
Srinija Homes Vistara,P02200003101,Srinija Vistara,apartment,Alwal,1/1/2026,10,0.32,3BHK,2763.0,2763.0,4400.0,12157200.0,future
Poojith Constructions,P02200004845,Poojith Garimella Arcade,apartment,Alwal,4/1/2028,15,0.13,"1,2,3 BHK",692.0,1385.0,4400.0,3044800.0,future
Domain Constructions,P02200004110,Domains Royal Pride,apartment,Alwal,11/1/2024,10,0.09,"2BHK , 3BHK",1175.0,1550.0,4400.0,5170000.0,ready
Gayatri Infra,P02200002541,Gayatri Elegant,apartment,Alwal,1/1/2025,10,0.13,3BHK,1345.0,1345.0,4400.0,5918000.0,ready
Florina developers private limited,P02400006004,Florina old mango garden,plot,Amangal,1/1/2025,212,12.0,Plot,1117.0,3500.0,1691.0,1888847.0,ready
Senapathi Infra,P02400005010,Senapathi Visthara,plot,Amangal,1/1/2024,185,16.02,Plot,1485.0,5060.0,999.0,1483515.0,ready
Sri India Developers,P02400006065,Sri India township,plot,Amangal,1/1/2025,206,24.0,Residential Plots,1650.0,4816.0,2383.0,3931950.0,ready
MPM Ventures Private Limited,P02500000769,MPM SS Pinnacle,apartment,Amberpet,7/1/2023,72,2.65,"2BHK, 3BHK",1206.0,1530.0,8000.0,9648000.0,ready
Vasavi Group,P02500000103,Vasavi Solitaire Heights,apartment,Amberpet,1/1/2022,285,3.0,"2BHK, 3BHK",1212.0,2315.0,9500.0,11514000.0,ready
Karthik Constructions,P01100000624,Karthik Mahanandi Residency,apartment,Amberpet,1/1/2024,20,0.17,2BHK,803.0,803.0,4500.0,3613500.0,ready
mohammad noor,P00800006078,noor city,plot,Amberpet,6/1/2025,325,6.33,Residential Plots,1800.0,2110.0,7333.0,13199400.0,ready
Sunrise Constructions Hyderabad,P02500004912,Sunrise Abode,apartment,Amberpet,1/1/2027,66,0.61,"2BHK , 3BHK",1175.0,1600.0,7333.0,8616275.0,future
Vishnu developer,P01100006044,Vishnu Sankalp,apartment,Ameenapur,1/1/2026,10,0.98,"2BHK, 3BHK",1300.0,1680.0,4840.0,6292000.0,future
SR construction hyderabad,P01100006174,SR Savarkar Residency,apartment,Ameenapur,1/1/2026,11,0.1,3BHK,1500.0,1500.0,4840.0,7260000.0,future
GKR Infra Developers,P01100003558,GKR Vijaya Lakshmi Nivas,apartment,Ameenapur,1/1/2026,20,0.17,2BHK,1125.0,1150.0,4840.0,5445000.0,future
Vishnu Developers Hyderabad,P01100004477,Vishnu Vihanga,apartment,Ameenapur,1/1/2025,15,0.16,"2BHK , 3BHK",1250.0,1600.0,4840.0,6050000.0,ready
Sikhara Constructions,P01100003857,Sikhara Lissy Avenue,apartment,Ameenapur,1/1/2027,15,0.16,"2BHK , 3BHK",1100.0,1500.0,5400.0,5940000.0,future
Sai Balaji Projects,P01100000825,Sai Balaji Residency Ameenpur,apartment,Ameenapur,1/1/2024,20,1.0,2BHK,1032.0,1032.0,3800.0,3921600.0,ready
Nikhilsai Krishna Infra LLP,P01100005577,Nikhil Krishna Crown,apartment,Ameenapur,2/1/2028,528,4.54,"1BHK , 2BHK , 3BHK",1015.0,1650.0,4800.0,4872000.0,future
Venkata Sreenidhi Projects Private Limited,P01100004452,Venkata Vrushabha,apartment,Ameenapur,1/1/2025,25,0.18,"2BHK , 3BHK",687.0,1242.0,4840.0,3325080.0,ready
Keystone Projects,P01100000987,DSR Azuri,apartment,Ameenapur,1/1/2020,25,1.0,2BHK,1035.0,1390.0,3500.0,3622500.0,ready
Eshanya Constructions,P01100004345,Eshanya Suravi Nivas,apartment,Ameenapur,1/1/2024,10,0.08,2BHK,1150.0,1150.0,5000.0,5750000.0,ready
JNR Builders,P01100003614,JNR Nivaas,apartment,Ameenapur,1/1/2024,60,0.59,"2BHK , 3BHK",1050.0,1562.0,3385.0,3554250.0,ready
Mepra Projects,"P01100001689,P01100003750",Mepra Anish Tower,apartment,Ameenapur,1/1/2024,40,0.37,2BHK,1050.0,1105.0,4840.0,5082000.0,ready
Sai Teja Constructions,"P01100003324, P01100003295",Sai Teja Heights,apartment,Ameenapur,1/1/2025,145,0.75,"2BHK , 3BHK",1000.0,1610.0,5000.0,5000000.0,ready
Vishnu Developers Hyderabad,P01100004889,Vishnu The Origin,apartment,Ameenapur,1/1/2025,10,0.11,3BHK,1645.0,1645.0,5200.0,8554000.0,ready
Urbanrise,P01100002200,Urbanrise Spring Is In The Air,apartment,Ameenapur,1/1/2023,810,28.65,"2BHK, 3BHK",810.0,1039.0,7510.0,6083100.0,ready
Aditi Avenues,P01100001879,Aditi Murthys Pride,apartment,Ameenapur,1/1/2025,15,0.12,2BHK,1015.0,1050.0,4800.0,4872000.0,ready
Om Sri Projects LLP,P01100002836,Om Sri Projects Serene,apartment,Ameenpur,1/1/2026,50,0.45,"2,3 BHK",735.0,984.0,9500.0,6982500.0,future
Sikhara Projects and Estates Llp,P01100003778,Sikhara Pride,apartment,Ameenpur,1/1/2027,20,0.17,2BHK,1185.0,1185.0,9500.0,11257500.0,future
Sumukhesh Developers,P02200000271,Sumukhesh Heights,apartment,Annojiguda,1/1/2024,71,1.0,"2BHK , 3BHK",1110.0,1535.0,4500.0,4995000.0,ready
Infocity Projects And Service,P02200005340,Infocity Vijaylakshmi Enduri,apartment,Annojiguda,12/1/2025,94,1.26,"2BHK , 3BHK",1065.0,1650.0,4500.0,4792500.0,ready
PBEL Property Development India Pvt Ltd,P02400000004,PBEL City,apartment,Appa Junction,3/1/2020,900,23.62,"2BHK, 3BHK",1208.0,1800.0,5500.0,6644000.0,ready
Indis group incor,P02400000057,Pbel City Tower L Opal,apartment,Appa Junction,1/1/2022,201,24.0,"2BHK, 3BHK",1208.0,1978.0,5500.0,6644000.0,ready
Sikhara Developers,P02400004328,Sikhara One,apartment,Attapur,1/1/2025,120,2.0,"3BHK , 4BHK",1920.0,3400.0,7500.0,14400000.0,ready
Karni Estate india pvt ltd,P02400006131,Karni Opus,apartment,Attapur,1/1/2027,68,0.83,"3BHK, 4BHK",1835.0,2926.0,7140.0,13101900.0,future
Mahaveer Group,P02500004287,Mahaveer Crystal Garden,apartment,Attapur,1/1/2026,782,5.0,"3BHK , 4BHK",1600.0,5345.0,8610.0,13776000.0,future
Sri Vasavi Developers,P02500003630,GNR Vasavi Nirvana,apartment,Attapur,1/1/2027,146,1.8,3BHK,1395.0,2840.0,7299.0,10182105.0,future
Sita Shelters Pvt Ltd,P02400002652,Sita Pramod Elite,apartment,Attapur,1/1/2025,20,0.24,3BHK,1620.0,1620.0,6790.0,10999800.0,ready
Theme Ambience Infrastructures,P02400004462,Theme Imperial,apartment,Attapur,1/1/2025,2.25,1.68,1470,2655.0,7499.0,7140.0,18956700.0,ready
PGR Builders,P02400002441,PGR Aspire,apartment,Attapur,1/1/2025,15,0.23,"2BHK , 3BHK",1225.0,2145.0,5500.0,6737500.0,ready
Shukruthi Infra Projects,P02400004656,Shukruthi Pranavi Pride,plot,Bacharam,1/1/2026,420,14.86,Plot,1507.0,4306.0,9890.0,14904230.0,future
Iconic Infra Group,P02400004500,Treasure County,plot,Bacharam,10/1/2023,221,18.0,Plot,1822.0,7605.0,9890.0,18019580.0,ready
Googee Properties,P02400005607,Googee Diamond Hills,plot,Bacharam,11/1/2024,421,51.0,Plot,1440.0,3257.0,9890.0,14241600.0,ready
R K Infra Projects,P02400003039,RK Sterling County,plot,Bacharam,1/1/2026,315,22.78,Plot,1251.0,13104.0,9890.0,12372390.0,future
Kaarthik Homes,P02400003928,Kaarthik Homes,plot,Bacharam,1/1/2024,91,6.52,Plot,1778.0,6756.0,9890.0,17584420.0,ready
Laxmi Reddy Kavadapu,P02400003131,Kb Meadows,plot,Bacharam,1/1/2022,221,23.33,Plot,1356.0,4091.0,9890.0,13410840.0,ready
ARR Infracon,P02200005028,ARR Avencia,apartment,Bachupally,6/1/2024,140,1.92,"2BHK , 3BHK",1235.0,1550.0,6350.0,7842250.0,ready
Sri Ranga Constructions,P02200004744,Sri Park Residency,apartment,Bachupally,10/1/2021,85,0.83,"2BHK , 3BHK",1135.0,1500.0,5600.0,6356000.0,ready
Spatial Infra,P02200005002,Spatial Coral,apartment,Bachupally,8/1/2025,20,0.23,"2BHK , 3BHK",1069.0,1069.0,5650.0,6039850.0,ready
Sterling Homes Pvt.Ltd,P02400005303,Sterling Grandeur,apartment,Bachupally,7/1/2025,225,1.89,"2,3BHK",1075.0,2095.0,6300.0,6772500.0,ready
Lakshmi Srinivasa Construction,P02200005552,Lakshmi Srinivasa Bhavans Glakshmaihs Hub,apartment,Bachupally,6/1/2028,83,0.94,"1BHK, 2BHK, 3BHK",410.0,2020.0,5500.0,2255000.0,future
PVR Developers,P02200003561,PVR Anmol,apartment,Bachupally,1/1/2022,102,1.21,3BHK,1535.0,1855.0,6000.0,9210000.0,ready
Sree Kalpa Builders,P02200006040,Sree Kalpa Luxor,apartment,Bachupally,8/1/2025,296,2.05,"2BHK , 3BHK",1204.0,1893.0,5899.0,7102396.0,ready
SVM Infra,P02200004360,SVM Sri Khamalini Residency,apartment,Bachupally,1/1/2025,15,0.13,2BHK,701.0,850.0,5011.0,3512711.0,ready
Hari Hara Infra,P02200005678,Hari Hara Hallmark,apartment,Bachupally,10/1/2024,210,0.72,"2BHK , 3BHK",1200.0,1550.0,4500.0,5400000.0,ready
Sri Nidhi Constructions,P02200003124,Indraprastha Residency,apartment,Bachupally,1/1/2024,156,1.46,"2BHK , 3BHK",1150.0,1520.0,5600.0,6440000.0,ready
Hari Hara Infra,P02200003538,Hari Hara Himagiri,apartment,Bachupally,1/1/2023,72,0.75,"2BHK , 3BHK",1292.0,1916.0,9000.0,11628000.0,ready
Ohana Homes,P02200004665,Ohana Bliss,apartment,Bachupally,1/1/2025,10,0.08,2BHK,893.0,906.0,5000.0,4465000.0,ready
Urbanrise,"P02200002793, P02200003724,P02200004835",Urbanrise On Cloud 33,apartment,Bachupally,3/26/2025,2600,9.15,"2BHK, 3BHK, 4BHK",1110.0,2021.0,7500.0,8325000.0,ready
Sree Kalpa Projects,P02200003198,Sree Kalpa Pristine,apartment,Bachupally,1/1/2024,214,2.09,"2BHK , 3BHK",1205.0,1732.0,6100.0,7350500.0,ready
Nirvana Infra Build Pvt Ltd,"P02200004202, P02200004203",Nirvana Vivanta,apartment,Bachupally,1/1/2022,25,0.23,2BHK,1135.0,1306.0,4700.0,5334500.0,ready
Quality Infra Structures,P02200002758,Quality Jyotsna Nivas,apartment,Bachupally,1/1/2024,15,0.12,2BHK,942.0,1225.0,5650.0,5322300.0,ready
Rudhra Constructions,P02200003333,Rudhras Dhivi,apartment,Bachupally,1/1/2027,30,0.36,"2BHK , 3BHK",1197.0,1667.0,6000.0,7182000.0,future
Risinia Builders,P02200002319,Risinia Oyster,apartment,Bachupally,1/1/2022,150,2.15,"2BHK , 3BHK",506.0,1558.0,6300.0,3187800.0,ready
Fortune Green Homes,P02200001675,Fortune Mayura,apartment,Bachupally,11/1/2025,384,4.0,"2BHK, 3BHK",890.0,1560.0,6580.0,5856200.0,ready
ARK Infra Group,P02200004162,Ark Samyak,apartment,Bachupally,1/1/2027,160,1.91,"2BHK , 4BHK",1250.0,1760.0,6660.0,8325000.0,future
R K Infrastructures,P02200000897,RK Raghavendra Brundavanam,apartment,Bachupally,1/1/2025,48,0.77,"2BHK , 3BHK",1180.0,1515.0,4300.0,5074000.0,ready
Sri Karthikeya Constructions Hyderabad,P02200002927,Karthikeya Bliss,apartment,Bachupally,1/1/2027,269,2.6,"2BHK , 3BHK",1143.0,1848.0,5900.0,6743700.0,future
Rayaan Constructions,P02200001897,Rayaan Green Park Bachupally,apartment,Bachupally,1/1/2025,20,0.16,2BHK,850.0,1065.0,5650.0,4802500.0,ready
Sri Developer Hyderabad,P02200002631,Sri Nivasam Castle,apartment,Bachupally,1/1/2022,190,2.0,"2BHK , 3BHK",1200.0,1703.0,7080.0,8496000.0,ready
Modi Builders,P02200003277,Modi Esteem,apartment,Bachupally,1/1/2031,934,5.57,"1BHK , 2BHK , 3BHK",858.0,1444.0,5250.0,4504500.0,unknown
Urbanrise Lifestyles Private Limited,P02200003508,Urbanrise The Happening Heights,apartment,Bachupally,6/1/2025,847,5.0,2BHK,1172.0,1191.0,4300.0,5039600.0,ready
Sri Padmavathi Projects,P02200000720,Sri Padmavathi Residency Bachupally,apartment,Bachupally,1/1/2024,10,0.12,2BHK,1420.0,1420.0,4200.0,5964000.0,ready
SIVA SAI INFRA PROJECTS,P02200003665,Siva Sai Fortuner Homes,apartment,Bachupally,1/1/2024,82,0.73,"2BHK , 3BHK",1180.0,2100.0,5650.0,6667000.0,ready
Gemini Infra India Pvt Ltd,P02200000746,Gemini Elegant,apartment,Bachupally,1/1/2024,20,0.18,2BHK,1000.0,1190.0,400.0,400000.0,ready
Urbanrise,"P02200002793, P02200003724,P02200004835",Urbanrise On Cloud 33,apartment,Bachupally,1/1/2026,1900,9.15,"2BHK , 3BHK , 4BHK",1099.0,2021.0,7980.0,8770020.0,future
Abhi Constructions,P02200001930,Abhi Tirumala Hills Seshadri,apartment,Bachupally,1/1/2020,65,1.9,"2BHK , 3BHK",1235.0,1668.0,5200.0,6422000.0,ready
Ohana Homes,P02200004662,Ohana Lotus,apartment,Bachupally,1/1/2025,15,0.14,"2BHK , 3BHK",733.0,1127.0,5000.0,3665000.0,ready
Sv Snr Group,P02400004805,SV SNR County,plot,Badangpet,1/1/2025,204,15.0,Plot,1198.0,5790.0,5110.0,6121780.0,ready
Sahasra Infra,P02400004878,Sahasra Habitat,apartment,Badangpet,10/1/2024,15,0.14,2BHK,1025.0,1124.0,5110.0,5237750.0,ready
Sri Anantha Developers,P02200003667,Sri Anantha Sri Kamakshi Residency,apartment,Bahadurpally,1/1/2027,55,0.54,"2BHK , 3BHK",1010.0,1315.0,5000.0,5050000.0,future
Sri Anantha Developers,P02200003667,Sri Kamakshi Residency,apartment,Bahadurpally,1/1/2027,55,0.54,"2BHK , 3BHK",1050.0,1315.0,5000.0,5250000.0,future
Shubhaprada infra,P01400005965,Sunrise Nature Prime Town,plot,Bala Nagar,1/1/2025,113,7.47,Residential Plots,1692.0,3006.0,6663.0,11273796.0,ready
Raghuram Infrastructure,P02200004086,Raghuram A2A Home Land,apartment,Bala Nagar,1/1/2026,1579,18.0,3BHK,1700.0,2260.0,6663.0,11327100.0,future
Verita Infra India,P01400003980,Verita True Highlands,plot,Balanagar,1/1/2023,871,70.7,Plot,1320.0,2970.0,1166.0,1539120.0,ready
VR Infraventures Private Limited,P02400002139,VR Serene Advaita,apartment,Bandlaguda Jagir,3/1/2024,35,0.41,"2,3 BHK",1136.0,1664.0,5250.0,5964000.0,ready
Swarna Constructions,P02400004056,Swarna Diamond Elite,apartment,Bandlaguda Jagir,1/1/2027,20,0.18,2BHK,1154.0,1396.0,5490.0,6335460.0,future
Living Space Properties,P02400003626,Living The Pearl,apartment,Bandlaguda Jagir,1/1/2025,20,0.22,"2BHK , 3BHK",1153.0,1547.0,5735.0,6612455.0,ready
Vijetha Infra Projects,P02200001291,Vijetha Exotica Apartment,apartment,Bandlaguda Jagir,1/1/2024,20,0.22,2BHK,1255.0,1255.0,5000.0,6275000.0,ready
ELV Projects,P02400004724,ELV 55 EastFort,apartment,Bandlaguda Jagir,1/1/2004,85,0.98,"2BHK , 3BHK",1130.0,1750.0,7490.0,8463700.0,unknown
Beyond Constructions,P02400003129,Beyond Vinayak,apartment,Bandlaguda Jagir,1/1/2022,20,0.16,2BHK,910.0,1040.0,5735.0,5218850.0,ready
Elv Developers,P02400004041,ElV Glory Heights,apartment,Bandlaguda Jagir,1/1/2026,20,0.16,2BHK,965.0,965.0,5735.0,5534275.0,future
Jhansi Groups,P02400002428,Elegant Daksha Elegance,apartment,Bandlaguda Jagir,1/1/2025,10,0.12,"2BHK , 3BHK",1190.0,1560.0,5447.0,6481930.0,ready
Fortune Infra Developers,P02400004972,Fortune Celestial,plot,Bangaliguda,1/1/2024,145,13.06,Plot,1197.0,3303.0,1280.0,1532160.0,ready
Maphar Constructions,P02500004456,Maphars Belmonte,apartment,Banjara Hills,1/1/2026,15,0.18,3BHK,1350.0,1353.0,6800.0,9180000.0,future
Dhanlaxmi Properties,P02500000721,Dhanlaxmi Highness Maurya,apartment,Banjara Hills,1/1/2019,8,0.15,"2BHK , 3BHK",2047.0,2047.0,7267.0,14875549.0,ready
Maphar Constructions,P02500001807,Maphars Saba Residency,apartment,Banjara Hills,1/1/2025,41,1.0,"2BHK , 3BHK",1084.0,1697.0,7500.0,8130000.0,ready
Super Constructions,P02500003411,Super Riasath Residency,apartment,Banjara Hills,1/1/2024,15,0.24,3BHK,1791.0,1856.0,7500.0,13432500.0,ready
Navayuga Intercontinental LLP,P02500005656,Navayuga Godavari,apartment,Begumpet,12/1/2026,130,2.65,4BHK,4455.0,6050.0,13500.0,60142500.0,future
Buildmaster Construction LLP,P02200001461,Buildmaster Samruddhi Apartment,apartment,Bolarum,1/1/2025,10,0.15,3BHK,1500.0,1660.0,4000.0,6000000.0,ready
GPR developers,P02200004445,GPR Glrao Residency,apartment,Bolarum,11/1/2024,10,0.13,3 BHK,1750.0,1750.0,7000.0,12250000.0,ready
Pinnacle Constructions,P02200003843,Pinnacle Pragna,apartment,Bolarum,7/1/2025,10,0.14,2BHK,1160.0,1280.0,5500.0,6380000.0,ready
Spatial Infra,P02200004059,Spatial Sapphire,apartment,Bowrampet,1/1/2023,20,0.17,2BHK,1070.0,1215.0,6336.0,6779520.0,ready
Tripura Constructions,P02200004444,Tripura Land Mark 4,villa,Bowrampet,12/1/2024,129,9.76,"3BHK , 4BHK",2317.0,3029.0,8020.0,18582340.0,ready
Sri Vasista Projects,P02200003272,Vasista Homes Bowrampet,apartment,Bowrampet,1/1/2027,20,0.17,2BHK,1152.0,1152.0,4500.0,5184000.0,future
S V Infra Projects,P02200002387,SV Sai Gurusthan,apartment,Bowrampet,1/1/2022,15,0.15,"2BHK , 3BHK",1075.0,1430.0,4500.0,4837500.0,ready
Pagadala Constructions,P02200004027,Pagadala Arya,apartment,Bowrampet,1/1/2024,30,0.4,"2BHK , 3BHK",986.0,1363.0,4600.0,4535600.0,ready
Jaya Group,P02200003688,Jaya Platinum Apartment,apartment,Bowrampet,1/1/2024,61,0.67,2BHK,1152.0,1744.0,3999.0,4606848.0,ready
Vertex Homes,P02200004519,Vertex Bougainvillea,villa,Bowrampet,1/1/2025,65,5.84,4BHK,2975.0,3066.0,12400.0,36890000.0,ready
Precise Homes,P02200004819,Precise Vedanth,apartment,Bowrampet,3/1/2025,10,0.1,2BHK,1210.0,1750.0,6336.0,7666560.0,ready
Sri Raj Constructions,P02200004827,Sri Garuda Royal,apartment,Bowrampet,1/1/2027,0.42,2.16,1295,1710.0,4900.0,6336.0,10834560.0,future
Building Blocks Projects India Pvt Ltd,P02400005374,Building True Jewel Burgula A Block,plot,Burgula,7/1/2024,129,8.87,Plot,1485.0,4161.0,1330.0,1975050.0,ready
Ranjay And Vaibhav Construction,P02400005781,Hill Side,apartment,Chandanagar,11/1/2028,116,0.47,"2BHK, 3BHK",1272.0,2285.0,6250.0,7950000.0,future
SVS Infracon,"P02400003906,P02400004932",SVS Ample Homes,apartment,Chandanagar,1/1/2025,341,4.99,"2BHK , 3BHK",950.0,1403.0,7000.0,6650000.0,ready
Happy Homes Lifespace Developers,P02400000053,Happy Bhaskara Residency,apartment,Chandanagar,1/1/2024,15,0.03,"2BHK , 3BHK",1100.0,1467.0,4600.0,5060000.0,ready
KRK Constructions,P02400004679,KRK Pride,apartment,Chandanagar,1/1/2023,10,0.1,2BHK,1091.0,1091.0,6250.0,6818750.0,ready
Rock Infra,P01100004246,Rock Hilton Heights,apartment,Chandanagar,12/1/2027,96,1.0,3BHK,1715.0,1798.0,6500.0,11147500.0,future
Confident Builders,P02400003884,Confident Pride,apartment,Chandanagar,1/1/2027,207,1.94,"2BHK , 3BHK",1076.0,1635.0,6900.0,7424400.0,future
Viya Ventures,P02200002422,Viya Sindhu One,apartment,Cheeriyal,1/1/2022,35,0.21,2BHK,292.0,827.0,4100.0,1197200.0,ready
Vaishnavi Constructions And Developers,P02200003099,Vaishnavi Swarna The Legend,apartment,Cheeriyal,1/1/2022,15,0.15,2BHK,1260.0,1283.0,4100.0,5166000.0,ready
Meera Shantivanam Private Limited,P02400003616,Meera Shantivanam,apartment,Chegur,1/1/2028,1310,6.0,"1BHK , 2BHK , 3BHK",482.0,1960.0,2220.0,1070040.0,future
DRR Aims Properties,P02400005147,DRR Happy Divine Nest,plot,Chegur,1/1/2025,145,11.69,Plot,1091.0,8970.0,2220.0,2422020.0,ready
Aliens Group,P02400004993,Aliens Corinth Hill,plot,Chennaram,1/1/2024,296,27.06,Plot,1750.0,11661.0,2000.0,3500000.0,ready
Navira,P02400003403,Navira Organo Antharam,villa,Chevalla,1/1/2025,115,50.0,3BHK,4377.0,4531.0,3500.0,15319500.0,ready
ACE Estates,P02400006184,ACE Arendale,plot,Chevalla,2/1/2026,81,8.32,Plot,2403.0,4437.0,3500.0,8410500.0,future
Sree Venkateshwara Developers,P01800005978,Sree Venkateshwara Developers,plot,Chintapalli,8/1/2024,220,15.71,Residential Plots,1449.0,5039.0,5500.0,7969500.0,ready
Sree Malleswara Infra Projects,P02400005684,Sree Yadadri Heights,apartment,Chintapalli,10/1/2025,70,0.61,2BHK,1015.0,1100.0,5500.0,5582500.0,ready
Fortune Infra Developers,P02400005427,Fortune Crystal,plot,Chukkapur,10/1/2024,158,15.51,Plot,1800.0,3096.0,12800.0,23040000.0,ready
DMR Simhendra,P02500004020,DMR Simhendra,apartment,Dmr Ventures,1/1/2024,10,0.14,"2BHK , 3BHK",1300.0,1920.0,11000.0,14300000.0,ready
Ruhika Builders And Developers,P02200003431,Ruhika Dhara Homes,apartment,Dulapally,1/1/2024,15,0.14,2BHK,736.0,844.0,5200.0,3827200.0,ready
Sri Tirumala Constructions,P02200005634,Tirumala Vidya Vihar,apartment,Dulapally,5/1/2026,44,0.48,"2BHK , 3BHK",1235.0,1605.0,5200.0,6422000.0,future
Pagadala Constructions,P02200003105,Pagadala S Amra,apartment,Dundigal,1/1/2026,15,0.23,"2BHK , 3BHK",789.0,1055.0,4800.0,3787200.0,future
Aparna,P02200004288,Aparna Dharti,plot,Dundigal,1/1/2024,760,83.23,Plot,2403.0,5721.0,3787.0,9100161.0,ready
Brigade Enterprises Ltd,P02200002548,Brigade Citadel Phase III,apartment,Erragadda,12/1/2025,376,12.74,"2BHK, 3BHK",1174.0,1793.0,9500.0,11153000.0,ready
SAS infra,P02400002881,SAS Diamond Towers,apartment,Financial District,1/1/2026,450,7.36,"3BHK , 4BHK",2715.0,18452.0,11500.0,31222500.0,future
Sai Teja Constructions,P02400002064,Sai Saitejas Serenity,apartment,Gachibowli,12/1/2022,10,0.13,3BHK,1528.0,1528.0,5600.0,8556800.0,ready
DSR Infrastructure PVT LTD,P02400005205,DSR Park Ridge,apartment,Gachibowli,1/1/2028,232,2.0,"2BHK , 3BHK",1290.0,2210.0,8250.0,10642500.0,future
Raghava Projects,P02400005078,Raghava Iris,apartment,Gachibowli,1/1/2026,528,7.38,4BHK,4770.0,11865.0,13500.0,64395000.0,future
SANVI INFRA PROJECTS PVT LTD,P02500005018,Sanvi Kowsalya Suvarna,apartment,Gachibowli,1/1/2025,10,0.07,2BHK,1220.0,1220.0,8200.0,10004000.0,ready
Ramky Estates Farms Ltd,P02400005064,Ramky One Orbit,apartment,Gachibowli,7/1/2028,518,5.23,"3BHK, 4+BHK, 4BHK",1180.0,1855.0,8880.0,10478400.0,future
S S Constructions,P02400002545,S S Park View,apartment,Gachibowli,1/1/2026,15,0.17,"2BHK , 3BHK",1250.0,1630.0,5500.0,6875000.0,future
Aditya Developers,P02400005086,Aditya Saptagiri Mansion,apartment,Gachibowli,1/1/2027,84,0.64,"2BHK , 3BHK",1179.0,1810.0,6700.0,7899300.0,future
Pacifica Companies Hillcrest,P02500000189,Pacifica Hillcrest,apartment,Gachibowli,1/1/2025,684,6.0,"2BHK , 3BHK , 4BHK",797.0,1699.0,11398.0,9084206.0,ready
Patel Realty,P02400000279,Patel Smondo,apartment,Gachibowli,1/1/2023,675,4.49,"2BHK , 3BHK",990.0,1435.0,11600.0,11484000.0,ready
Ramky Estates & Farms Ltd,P02400000505,Ramky One Galaxia Phase 2,apartment,Gachibowli,3/1/2025,412,4.0,"2BHK, 3BHK",1265.0,1665.0,11200.0,14168000.0,ready
Pacifica Builders Pvt Ltd,P02500000189,Pacifica Hill Crest,apartment,Gachibowli,12/1/2027,684,6.0,"2BHK, 3BHK, 4BHK",797.0,1699.0,11398.0,9084206.0,future
Vedanta Construction,P02200005243,Vedanta Towers,apartment,Gajula Ramaram,8/1/2024,115,1.5,"2BHK , 3BHK",787.0,1407.0,3599.0,2832413.0,ready
Sai Neeraj Constructions Ind Pvt Ltd.,"P02200003549, P02200003550",Sai Suraj,apartment,Gajula Ramaram,1/1/2027,40,0.33,2BHK,807.0,807.0,4600.0,3712200.0,future
Idream Sai Rk Infra,P02200003461,RKs Oxygen Homes,apartment,Gajula Ramaram,1/1/2023,322,2.14,"2BHK , 3BHK",1015.0,2205.0,5900.0,5988500.0,ready
Swathi Constructions,P02200002948,Swathis Skyline,apartment,Gajula Ramaram,1/1/2027,145,1.9,"2BHK , 3BHK",1152.0,1454.0,5799.0,6680448.0,future
RNG Infra,P02200001492,RNG Sunrise Apartment,apartment,Gajula Ramaram,1/1/2025,35,0.12,"2BHK , 3BHK",1000.0,1455.0,3800.0,3800000.0,ready
Rishi's Sai Ram Projects,P02200001221,Rishis Sai Spoorthy Avenue,apartment,Gajula Ramaram,1/1/2021,40,0.39,2BHK,1125.0,1125.0,4200.0,4725000.0,ready
RR Constructions,P02200002028,RR ASMR Enclave,apartment,Gajula Ramaram,1/1/2025,15,0.15,2BHK,1084.0,1084.0,2500.0,2710000.0,ready
Boppana Constructions (P) LTD,P02200003155,Boppanas Senate,apartment,Gajula Ramaram,1/1/2027,15,0.16,"2BHK , 3BHK",894.0,1279.0,5000.0,4470000.0,future
Rubrick Constructions,P02200004098,Rubrick Tripura,apartment,Gandimaisama,12/1/2027,638,5.24,"2BHK, 3BHK",1100.0,1900.0,5640.0,6204000.0,future
SR Builders Shaikpet,P02400005023,SR Sapphire Gandipet,apartment,Gandipet,1/1/2025,23,0.19,"2BHK , 3BHK",1107.0,1958.0,9100.0,10073700.0,ready
DSR SSI Builders And Developers,P02400004592,DSR Puppalguda,apartment,Gandipet,5/1/2028,402,6.6,4BHK,418.0,5454.0,10050.0,4200900.0,future
Meenakshi Builders,P02400005947,Meenakshi Elan,apartment,Gandipet,1/1/2026,270,4.75,4BHK,7300.0,9300.0,11000.0,80300000.0,future
Nishija Estate,P02200004037,Nishija Eastern Heights,plot,Ghatkesar,1/1/2027,909,15.18,Plot,1572.0,17954.0,3440.0,5407680.0,future
Vilva Infra,P02200004308,Vilva The Ambience Vista,villa,Ghatkesar,1/1/2027,252,5.29,3BHK,2684.0,2731.0,6500.0,17446000.0,future
Sri Jagathswapna Infra Projects,P02200003684,Sri Sparrows Vipasa,apartment,Ghatkesar,1/1/2028,181,1.91,"2BHK , 3BHK",1007.0,1453.0,4355.0,4385485.0,future
Indo Infra Developers,P02200004233,Indo Ghatkesar Glory City,plot,Ghatkesar,12/1/2024,182,14.27,Residential Plots,1503.0,1800.0,2680.0,4028040.0,ready
Cluster Grove Constructions,P02200003040,Cluster Chidhvilasam,apartment,Ghatkesar,1/1/2027,180,3.03,"2BHK , 3BHK",1367.0,1877.0,4800.0,6561600.0,future
Swathi Constructions,P02200005631,Swathi Bharathi Heights,apartment,Ghatkesar,8/1/2028,70,0.98,"2BHK, 3BHK",1173.0,1679.0,4355.0,5108415.0,future
CNR Builders,P03100003987,CNR Homes,apartment,Gopanpally,1/1/2025,200,2.96,3BHK,1370.0,2205.0,7500.0,10275000.0,ready
Vajram Constructions,P02400005098,Vajram Ixora,plot,Gopanpally,1/1/2026,368,4.0,3BHK,1990.0,2640.0,7500.0,14925000.0,future
Yula Constructions LLP,P02400003816,Yula Mythri,apartment,Gopanpally,10/1/2027,10,0.11,3 BHK,1531.0,1566.0,7500.0,11482500.0,future
Golden Key Prime Properties LLP,P02200004426,Golden Key Mayura Sriven,apartment,Gowdavalli,1/1/2025,328,2.45,"2BHK , 3BHK",1662.0,2488.0,5000.0,8310000.0,ready
Bhuvana Infra,P02200003416,Bhuvanas Urban Greens,apartment,Gowdavelly,1/1/2025,80,0.98,"2BHK , 3BHK",1220.0,1690.0,5000.0,6100000.0,ready
Eco Green Builders,P02200004177,Eco Casa Traimbak,apartment,Gundlapochampally,1/1/2025,200,2.1,"2BHK , 3BHK",1116.0,1594.0,4390.0,4899240.0,ready
Om Sree Builders & Developers,P02200004883,Om Sree Gallaxy,apartment,Gundlapochampally,1/1/2027,2013,20.0,"2BHK , 3BHK",1285.0,2225.0,7000.0,8995000.0,future
Sunyuga Infra Pvt Ltd,P02200005195,Sunyuga Villa Palazzo,villa,Gundlapochampally,7/1/2028,101,8.65,4BHK,3334.0,4750.0,8310.0,27705540.0,future
Sanjanas Aranya Pvt Ltd,P02200005997,Sanjanas Aranya,apartment,Gundlapochampally,12/1/2025,336,3.11,"1BHK , 2BHK",719.0,956.0,6567.0,4721673.0,ready
Shree Krishna Constructions,P02200003407,Shree Krishna Onyx,apartment,Gundlapochampally,1/1/2027,184,1.95,"2BHK , 3BHK",1100.0,1820.0,6567.0,7223700.0,future
Sree Dhatri Nivas,P02200003534,Sree Dhatri Nivas,apartment,Gundlapochampally,1/1/2026,65,0.87,3BHK,1324.0,1670.0,6567.0,8694708.0,future
Emarald Constructions,P02400002358,Emarald Sri Padmavathi Heights,apartment,Hafeezpet,1/1/2026,20,0.18,2BHK,1182.0,1182.0,6002.0,7094364.0,future
SS Group,P02400001513,Sai Gayathris Akshay Elite,apartment,Hafeezpet,1/1/2023,41,0.4,2BHK,1175.0,1556.0,6002.0,7052350.0,ready
HPR Infra,P02400004337,HPR Lakefront,apartment,Hafeezpet,1/1/2027,146,1.32,"2BHK , 3BHK",1185.0,2115.0,6299.0,7464315.0,future
Alekhya Homes,P02400000823,Alekhya Bamboo Grove,apartment,Hafeezpet,3/1/2025,139,1.0,"2BHK, 3BHK",1135.0,1615.0,5705.0,6475175.0,ready
Sri Skyline Constructions,P02400003758,Sri Skyline Darshan Castle,apartment,Hayathnagar,1/1/2027,10,0.09,"2BHK , 3BHK",1250.0,1560.0,5500.0,6875000.0,future
High Rise Constructions,P02400003846,Highrise Forest Edge,apartment,Hayathnagar,1/1/2027,405,4.77,"2BHK , 3BHK , 4BHK",1248.0,2940.0,5999.0,7486752.0,future
Dharani Infradevelopers Pvt. Ltd,P02400003762,Dharanis Enclave,apartment,Hayathnagar,1/1/2027,10,0.8,2BHK,969.0,969.0,5500.0,5329500.0,future
A And G Infras,P02400003081,A And G Kubera Homes,apartment,Hayathnagar,1/1/2025,45,0.49,"2BHK , 3BHK",1230.0,1880.0,5000.0,6150000.0,ready
Vasavi Group,P02400003652,Vasavi Skyla,apartment,Hi Tech City,8/1/2026,685,6.23,"3BHK, 4+BHK, 4BHK",2100.0,7200.0,9500.0,19950000.0,future
Auro Realty,P02400005068,Auro The Pearl,apartment,Hi Tech City,1/1/2028,414,8.54,4BHK,5300.0,5400.0,13990.0,74147000.0,future
Lifestyle Tirumala Nest,P02400002776,Lifestyle Tirumala Nest,apartment,Hyderaba,1/1/2024,35,0.39,"2BHK , 3BHK",1162.0,1547.0,5500.0,6391000.0,ready
Virendra Tiwari,P02500002425,Kashish Avenues,apartment,Hyderguda,1/1/2022,10,0.13,"2BHK , 3BHK",700.0,1000.0,12500.0,8750000.0,ready
Meenakshi Group,P02500005096,Meenakshi Elysia,apartment,Hyderguda,1/1/2028,132,1.49,"3BHK , 4BHK",3680.0,4446.0,12500.0,46000000.0,future
JK Infra Projects,P01100004877,JK Platinum Heights,apartment,Injapur,5/1/2024,95,0.5,"2BHK , 3BHK",1070.0,1320.0,4200.0,4494000.0,ready
MKT Group,P01100002736,MKT White Rock,apartment,Injapur,1/1/2024,11,0.07,"1BHK , 2BHK",603.0,1173.0,4520.0,2725560.0,ready
Vetran Properties Private Limited,P02400004386,Vetran Mathrushree Avenues,plot,Injapur,1/1/2026,170,19.42,Plot,1503.0,10548.0,4393.0,6602679.0,future
Aparna construction,P01100000090,Aparna Avani,plot,Injapur,1/1/2021,284,29.0,Residential Plots,1800.0,5400.0,4393.0,7907400.0,ready
Sri Venkateshwara Builders And Developers,P02400005012,Sri Venkateshwara Smt Bokka Aruna Manmohan Reddy Niliyam,apartment,Injapur,7/1/2026,15,0.17,"2,3BHK",1201.0,1452.0,4393.0,5275993.0,future
MKT Praneeth Homes,P01100002737,MKT Aspira,apartment,Injapur,1/1/2021,20,0.21,1BHK,545.0,582.0,4460.0,2430700.0,ready
Sita Shelters,"P02500003916,P02200003839,P02200003833,P02200003914",Sita Exotica,apartment,Jeedimetla,1/1/2027,330,3.1,"2BHK , 3BHK",1290.0,1985.0,6199.0,7996710.0,future
Shree Venkateswara Arcade,P02500003041,Dharani Sri Venkateshwara Elite,apartment,Jeedimetla,1/1/2025,20,0.18,2BHK,1048.0,1048.0,4700.0,4925600.0,ready
Beams and columns builders,P02200003999,Beams 4 Blocks,apartment,Jeedimetla,10/1/2025,669,3.2,"2BHK, 3BHK",1055.0,1725.0,5537.0,5841535.0,ready
Pride Infra Developers,P02200004802,Pride Palmyra Tower,apartment,Jeedimetla,1/1/2028,162,2.02,"2BHK , 3BHK",1055.0,1871.0,5300.0,5591500.0,future
SVC Constructions,P02200002987/P02200003822,SVC Indraprastha,apartment,Jeedimetla,1/1/2024,792,11.08,"2BHK , 3BHK",1350.0,2050.0,5950.0,8032500.0,ready
Manish M Futnani,P02200002606,Futnani Towers,apartment,Jeedimetla,1/1/2026,96,0.98,"2BHK , 3BHK",995.0,1625.0,5537.0,5509315.0,future
Meenakshi Developers,P02400000213,Meenakshi Padmavati Residency,apartment,Jillalguda,1/1/2024,25,0.36,"2BHK , 3BHK",1213.0,1821.0,4700.0,5701100.0,ready
Silpa Infratech Limited,P01100005789,Silpa Greenfields,plot,Jogipet,5/1/2025,309,25.0,Residential Plots,875.0,3545.0,1330.0,1163750.0,ready
Vaibhavi Infra Projects,P02500001714,Vaibhavi Sai Vaibhavi Valero,apartment,Jubilee Hills,1/1/2025,38,1.0,4BHK,2508.0,2509.0,12000.0,30096000.0,ready
Phoenix Group,P02500005860,Realplus Fuji And Paramount,apartment,Jubilee Hills,1/1/2028,149,2.2,4BHK,7504.0,10121.0,16000.0,120064000.0,future
Neena Goyal Sanjeev Goyal Swetha Agarwal,P02400003249,Vimbri Auroville,apartment,Jubilee Hills,1/1/2026,10,0.39,2BHK,1890.0,1890.0,13167.0,24885630.0,future
Radiant Enterprises,P02500000361,Radiant Abode,apartment,Jubilee Hills,11/1/2020,15,1.2,"2,3BHK",1130.0,1951.0,11500.0,12995000.0,ready
Nath Estates,P02500000244,Nath Ananda,apartment,Kachiguda,1/1/2024,10,0.12,2BHK,1140.0,1156.0,7733.0,8815620.0,ready
DMR Ventures,P02500003179,DMR Sriniketan,apartment,Kachiguda,1/1/2026,10,0.26,3BHK,2800.0,2800.0,9000.0,25200000.0,future
Nath Estates,P02500000092,Nath Parimal Kunj,apartment,Kachiguda,1/1/2024,10,0.19,4BHK,1171.0,1171.0,5200.0,6089200.0,ready
DMR Ventures,P02500003139,DMR Vraj Niketan,apartment,Kachiguda,1/1/2027,15,0.24,3BHK,1429.0,1764.0,9000.0,12861000.0,future
Vennala Realty Solutions Private Limited,"P02400002648,P02400003813,P02400005246, P02400005837",Vennala Dates County,plot,Kadthal,1/1/2025,950,30.0,Plot,1404.0,5940.0,1333.0,1871532.0,ready
JJR Infra Developers,P02400005230,JJR Orchard,plot,Kadthal,1/1/2024,265,20.0,Plot,1320.0,5880.0,5251.0,6931320.0,ready
Magnarise Infratech Private Limited,P02400004793,Magnarise Srinivasam,plot,Kadthal,1/1/2023,239,18.44,Plot,1353.0,6106.0,5251.0,7104603.0,ready
R R Green City,P02400004824,Green Bolder,plot,Kadthal,1/1/2025,100,14.99,Plot,280.0,778.0,20000.0,5600000.0,ready
Fortune Infra Developers,"P02400005137, P02400005159,P02400005334",Fortune Grand Extension,plot,Kadthal,1/1/2023,561,76.82,Plot,1800.0,2700.0,1333.0,2399400.0,ready
Fortune Infra Developers,P02400005623,Fortune Nector,plot,Kadthal,4/1/2023,189,19.26,Plot,1917.0,2700.0,5251.0,10066167.0,ready
Aliens Developers Pvt Ltd,P02400000856,Aliens Hub,apartment,Kadthal,12/1/2025,1812,750.0,Plot,3600.0,4500.0,1600.0,5760000.0,ready
Zoltan Infra Developers,P02400004209,Zoltan Highway Green,plot,Kadthal,8/1/2022,78,6.2,Plot,1323.0,3150.0,5251.0,6947073.0,ready
Arka Group,P02400005702,Arka Falguna Heights,plot,Kadthal,1/1/2024,76,3.75,Residential Plots,1323.0,3330.0,1990.0,2632770.0,ready
Subhagruha Projects,P01100006008,Subhagruha Sukrithi IIT County,plot,Kandi,11/1/2025,150,9.16,Plot,1800.0,2700.0,3111.0,5599800.0,ready
Harshith Infra And Developers,P01100004450,Harshith Springfield Apartments,apartment,Kandi,4/1/2023,85,1.03,"2BHK , 3BHK",1010.0,1400.0,3111.0,3142110.0,ready
Silpa Raghava Ventures LLP,P02400004940,Silpa Raghava Botanica,plot,Kandukur,1/1/2025,778,331.0,Plot,210.0,1944.0,3431.0,720510.0,ready
Divyasri Group,P02400005605,Divyasri Mercury Township,plot,Kandukur,10/1/2025,534,79.0,Plot,158.0,609.0,16000.0,2528000.0,ready
Singleton Constructions,P02400005367,Singleton Palm Springs Villa Plots,villa,Kandukur,9/1/2025,256,23.23,Plot,1442.0,3172.0,9716.0,14010472.0,ready
Dharani Pharma Avenue,P02400005275,Dharani Pharma Avenue,plot,Kandukur,1/1/2025,241,18.34,Plot,900.0,9504.0,9716.0,8744400.0,ready
Mahankali Aravind,P02200002197,Sree Lakshmi Residency Kapra,apartment,Kapra,1/1/2024,20,0.63,2BHK,1100.0,1100.0,5000.0,5500000.0,ready
Prajwal Constructions,P02200001690,Prajwal Sunshine Square,apartment,Kapra,1/1/2025,40,0.47,"2BHK , 3BHK",1165.0,1705.0,4502.0,5244830.0,ready
Devarakonda Builders,P02200004186,Devarakonda Classic,apartment,Kapra,1/1/2024,10,0.09,2BHK,1077.0,1077.0,4751.0,5116827.0,ready
Devarakonda Builders And Developers,P02200003327,Devarakonda Castle,apartment,Kapra,1/1/2023,10,0.1,"3BHK , 2BHK",1228.0,1782.0,4751.0,5834228.0,ready
Greenspace Infra,P02400004182,Greenspace Gold Nest,apartment,Karmanghat,1/1/2027,40,0.61,2BHK,1158.0,1158.0,6500.0,7527000.0,future
R. V. Nirmaan Private Limited,P02400004125,RV Uddiipta,apartment,Karmanghat,1/1/2025,238,2.2,"2BHK , 3BHK",1030.0,2153.0,6000.0,6180000.0,ready
Myna Infra Projects,P02400003852,Myna Enclave,apartment,Karmanghat,1/1/2027,10,0.1,3BHK,1500.0,1500.0,6250.0,9375000.0,future
Shangrila,P02400005808,Shangrila Abbham,apartment,Kismatpur,6/1/2025,3666,6.4,"3BHK , 4BHK",5000.0,7000.0,6399.0,31995000.0,ready
Giridhari Homes Pvt Ltd,P02400001297,Giridhari Home Rise,apartment,Kismatpur,1/1/2022,80,0.59,2BHK,866.0,1868.0,8326.0,7210316.0,ready
Maphar Constructions,P02400002797,Maphar Imperium,apartment,Kismatpur,5/1/2026,35,3.55,4BHK,3843.0,4056.0,12500.0,48037500.0,future
C B Infra Developers,P02400004625,C B Samruddhi,apartment,Kismatpur,11/1/2023,10,0.1,3BHK,1420.0,1438.0,5000.0,7100000.0,ready
ShantaSriram Constructions Pvt Ltd,P02400000143,Shanta Sriram Brook woods,villa,Kismatpur,12/1/2027,56,6.0,"3BHK, 4BHK",3152.0,5745.0,13560.0,42741120.0,future
Gowra Urban Winds,P02400001121,Gowra Urban Winds,apartment,Kismatpur,12/1/2019,103,1.3,"3BHK , 4BHK",1340.0,1775.0,6500.0,8710000.0,ready
Infocity Infratech,P02400005344,Infocity Majestic,apartment,Kismatpur,7/1/2023,99,1.0,"1BHK , 2BHK , 3BHK",910.0,1995.0,6000.0,5460000.0,ready
Neemsboro Farms Private Limited,P01100005878,Neemsboro Rajadhani,plot,Kohir,4/1/2023,386,200.0,Residential Plots,1350.0,2952.0,1440.0,1944000.0,ready
Nayeb Real Estate Group,P01100005845,Nayeb Global Green,plot,Kohir,7/1/2025,82,6.82,Residential Plots,1647.0,2134.0,1440.0,2371680.0,ready
Sattva group,"P02400006230,P02400006231",Sattva Lake Ridge,apartment,Kokapet,1/1/2028,897,9.5,"3BHK, 4+BHK, 4BHK",2152.0,5472.0,11800.0,25393600.0,future
DSR Infrastructure Pvt Ltd,P02400005583,DSR Valar,apartment,Kokapet,8/1/2027,282,3.0,4BHK,3242.0,4090.0,10000.0,32420000.0,future
NCC Urban Infrastructure Limited,P02400000379,NCC Urban One,apartment,Kokapet,1/1/2021,1317,32.0,"3BHK, 4BHK",1535.0,3380.0,10170.0,15610950.0,ready
Ramky Estates Farms Ltd,P02400003991,Ramky One Odyssey,apartment,Kokapet,1/1/2027,783,5.3,"3BHK, 4+BHK, 4BHK",1750.0,3020.0,10970.0,19197500.0,future
Rajapushpa Properties,P02400006086,Rajapushpa  Pristinia,apartment,Kokapet,1/1/2028,1782,12.1,"2BHK , 3BHK , 4BHK",1380.0,4595.0,8650.0,11937000.0,future
Cybercity Builders & Developers,P02400003031,Cybercity West Brook,apartment,Kokapet,10/1/2026,1102,7.8,"2BHK, 3BHK, 4BHK",1075.0,2400.0,9400.0,10105000.0,future
Prestige Estates Projects Ltd,P02400005677,Prestige Clairemont,apartment,Kokapet,11/1/2027,928,7.56,"3BHK, 4BHK",1988.0,4060.0,15580.0,30973040.0,future
Prestige Estates Projects Ltd.,P02400002236,Prestige Tranquil,apartment,Kokapet,9/1/2026,907,7.85,"3BHK, 4BHK",1390.0,2048.0,10600.0,14734000.0,future
Hallmark builders,P02400003226,"Hallmark Treasor",apartment,Kokapet,1/1/2024,526,4.62,"3BHK, 4BHK",1765.0,2540.0,8700.0,15355500.0,ready
Sunshine Infra Pvt Ltd,P02400000518,Sunshine S Ecopolis,apartment,Kokapet,12/1/2024,90,1.0,"2BHK, 3BHK",1110.0,1654.0,6000.0,6660000.0,ready
Greenspace Housing and Engineers,P02400005073,Greenspace Celestial,apartment,Kokapet,1/1/2023,769,8.51,"2BHK , 3BHK , 4BHK",1085.0,2615.0,7770.0,8430450.0,ready
Poulomi Estates,P02400004428,Poulomi Palazzo,apartment,Kokapet,1/1/2028,145,4.6,4BHK,6200.0,10160.0,15030.0,93186000.0,future
Hirize projects,P02400005842,Hirize Elysia,apartment,Kokapet,1/1/2025,371,4.0,"2BHK, 3BHK",1165.0,3380.0,9873.0,11502045.0,ready
Lotus Projects,P02400003546,Lotus Grand,apartment,Kokapet,1/1/2023,161,1.9,"2BHK , 3BHK",1233.0,2487.0,3681.0,4538673.0,ready
Ace Constructions,P02500000805,Ace Casablanca,villa,Kokapet,1/1/2019,12,2.0,4BHK,5157.0,6693.0,9873.0,50915061.0,ready
APR Group,P01100006126,APR Group,villa,Kollur,1/1/2025,112,10.0,4BHK,3405.0,3712.0,6132.0,20879460.0,ready
Atulyam Homes,P01100006067,Atulyam Trident,apartment,Kollur,11/1/2027,184,3.14,3BHK,1490.0,2540.0,6132.0,9136680.0,future
Anvita Group,P01100005579,Anvita ivana,apartment,Kollur,12/1/2024,417,3.67,"2BHK , 3BHK , 4BHK",1206.0,5000.0,7000.0,8442000.0,ready
Svadha  projects,P01100005647,Svadha Mackennas,apartment,Kollur,12/1/2025,492,3.85,"1BHK , 2BHK , 3BHK",1145.0,2530.0,6200.0,7099000.0,ready
One And Brickstone Developers,P01100004248,One Habitat Apex,plot,Kollur,1/1/2024,41,7.9,Plot,3750.0,5900.0,6132.0,22995000.0,ready
Sri Mytri Construction and Developers,P01100004464,Manju Opus Blues,apartment,Kollur,3/1/2026,77,1.52,"2BHK , 3BHK",731.0,731.0,1290.0,942990.0,future
Hallmark builders,P01100004147,Hallmark Pinnacle,apartment,Kollur,12/1/2025,798,7.14,"2BHK, 3BHK",1285.0,1885.0,6000.0,7710000.0,ready
IRA Realty,P01100004834,IRA M3,apartment,Kollur,1/1/2025,695,5.6,"2BHK , 4BHK",1105.0,1105.0,5000.0,5525000.0,ready
Naandi Infratech,P01100005727,Naandi Mayfair Sunrise,villa,Kollur,1/1/2026,1674,63.0,4BHK,3888.0,6111.0,11299.0,43930512.0,future
Gruhashilpi Constructions Pvt. Ltd,P02200000919,Gruhashilpi Sumanjali,apartment,Kompally,1/1/2025,23,4.45,3BHK,1450.0,1453.0,4400.0,6380000.0,ready
Subhagruha projects,P02200000249,Subhagruha Sukrithi Saanvi,plot,Kompally,1/1/2021,278,22.34,Residential Plots,1350.0,4571.0,5844.0,7889400.0,ready
Golden Homes Builders And Developers,P02200005536,Golden sri sai sadan,apartment,Kompally,11/1/2025,89,0.98,"2BHK , 3BHK",1000.0,1776.0,5400.0,5400000.0,ready
Kotagiri Srinath,P02200003058,Kotagiri Flora Grande,apartment,Kompally,1/1/2023,40,0.47,"2BHK , 3BHK",1130.0,1518.0,7000.0,7910000.0,ready
Sophists Technologies Private Limited,"P02200003567,P02200006128",Sophists Myra,apartment,Kompally,1/1/2027,,4.45,"2BHK , 3BHK",1200.0,2095.0,5400.0,6480000.0,future
Jade Developers And Builders,P02200005441,Jade One,apartment,Kompally,1/1/2024,141,0.75,3BHK,1373.0,2061.0,5200.0,7139600.0,ready
Vision Infra Developers,P02200004299,Vision Lake Front,apartment,Kompally,6/1/2025,65,0.97,"2BHK , 3BHK",1283.0,2087.0,5500.0,7056500.0,ready
Hivision Developer,P02200004429,Hivision Heights,apartment,Kompally,1/1/2025,464,4.0,"2BHK , 3BHK , 4BHK",960.0,2464.0,5326.0,5112960.0,ready
Vistara Projects,P02200002790,Vistara Delight Heights,apartment,Kompally,1/1/2025,100,1.26,"2BHK , 3BHK",1240.0,1865.0,5000.0,6200000.0,ready
Om Sree Builders & Developers,P02200005110,Omsree Skypark,apartment,Kompally,12/1/2024,272,3.99,"3BHK , 4BHK",1815.0,2850.0,7710.0,13993650.0,ready
Gahan Developers,P02200005990,Gahan orchid,apartment,Kompally,3/1/2025,250,3.0,"2BHK , 3BHK",1062.0,1512.0,5844.0,6206328.0,ready
Sree Laxmi Balaji Constructions,P02200004032,Sree Laxmi Trinity Adobe,apartment,Kompally,1/1/2024,10,0.11,3BHK,1550.0,1550.0,5844.0,9058200.0,ready
Privilege Constructions,P02200005516,Privilege Heritage Living,apartment,Kompally,1/1/2025,72,0.81,"2BHK , 3BHK",1170.0,1795.0,6500.0,7605000.0,ready
Cozy Essence Builders,P02200003548,Cozy Essence Elite,apartment,Kompally,1/1/2027,90,0.99,"2BHK , 3BHK",1485.0,2068.0,4500.0,6682500.0,future
Avighna Builders,P02200003146,Avighna Vibrant Vidhyut,apartment,Kompally,3/1/2024,30,0.33,"2,3BHK",1125.0,1670.0,5844.0,6574500.0,ready
Chidrupi Financial Services Limited,P02200004075,Chidrupi Towers,apartment,Kompally,1/1/2025,216,1.62,"2BHK , 3BHK",860.0,3905.0,13600.0,11696000.0,ready
Ajay Constructions Hyderabad,P02200003763,Ajay Ananya Enclave,apartment,Kompally,1/1/2024,20,4.45,2BHK,1250.0,1250.0,4800.0,6000000.0,ready
Amrutha Projects Hyderabad,P02200005027,Amrutha Shambala,apartment,Kompally,6/1/2026,166,2.24,4BHK,2301.0,3170.0,7500.0,17257500.0,future
RR Infra,P02200003209,RR Park Wood Tower,apartment,Kompally,1/1/2026,139,2.31,3BHK,1765.0,2455.0,5500.0,9707500.0,future
Subishi Engineers,P02200003114,Subishis Polam Luxury Apartments,apartment,Kompally,1/1/2027,256,3.6,"3BHK , 4BHK",1781.0,3400.0,7500.0,13357500.0,future
Subishi engineers,P02200003514,Subishi Forest Edge Luxury Homes,villa,Kompally,9/1/2025,215,43.0,4BHK,3425.0,4620.0,5844.0,20015700.0,ready
Skylar Builders,P02200001206,Skylar Grand Lotus,apartment,Kompally,1/1/2020,15,4.45,"2BHK , 3BHK",1076.0,1238.0,4200.0,4519200.0,ready
SV Developers,P02200001947,SV Sahasra,apartment,Kompally,6/1/2024,66,0.88,"1,2,3 BHK",619.0,1705.0,5844.0,3617436.0,ready
Concept Design Developers,P02200003012,Concept Onyx,apartment,Kompally,12/1/2026,40,0.49,"2BHK , 3BHK",1240.0,1710.0,4850.0,6014000.0,future
Vasavi groups,P02500003642,Vasavi Nandanam,apartment,Kompally,1/1/2024,420,4.18,"2BHK , 3BHK",1235.0,2010.0,6070.0,7496450.0,ready
Indis,P02200000165,VB City,apartment,Kompally,1/1/2024,1040,12.0,2BHK,842.0,842.0,8100.0,6820200.0,ready
Om Sri Builders And Developers,P02200003034,Om Sri Pearl,apartment,Kompally,1/1/2026,30,0.35,"2BHK , 3BHK",1152.0,1884.0,4000.0,4608000.0,future
Viveks Green Homes Private Limited,P02200002585,Go Green Castle,apartment,Kompally,1/1/2024,20,0.2,"2BHK , 3BHK",1055.0,1410.0,4300.0,4536500.0,ready
Sree Siri Constructions,P02200000852,Sree Siri Aishwarya Residency,apartment,Kompally,1/1/2021,20,4.45,2BHK,1148.0,1156.0,3700.0,4247600.0,ready
Keerthi Constructions,P02200002257,Shantha Residency,apartment,Kompally,10/1/2022,40,0.37,2BHK,945.0,1000.0,4200.0,3969000.0,ready
Sri Mani Sai Infra Projects,P02400002706,Sri Mani Sais Kalyan Pride,apartment,Kondapur,1/1/2025,15,0.35,"2BHK , 3BHK",1066.0,1500.0,4800.0,5116800.0,ready
SS Foundations Hyderabad,P02400005306,SS Sree Vishnu Nivas,apartment,Kondapur,8/1/2024,15,0.23,3BHK,1710.0,1941.0,8000.0,13680000.0,ready
R V Nirmaan Pvt Ltd,P02400004756,RV Vibhuman,apartment,Kondapur,1/1/2026,172,1.5,"2BHK , 3BHK",1313.0,1862.0,8200.0,10766600.0,future
Swathi Promoters,P01100005123,Swathi New Kondapur Township,plot,Kondapur,12/1/2022,262,19.4,Plot,1647.0,2943.0,15000.0,24705000.0,ready
Swarna Constructions,P02400003248,Swarna Diamond Vista,apartment,Kondapur,1/1/2026,10,0.13,3BHK,1620.0,1710.0,4500.0,7290000.0,future
My Home Constructions Pvt. Ltd.,P02400000281,My Home Mangala,apartment,Kondapur,1/1/2025,1879,20.0,"2BHK, 3BHK",1297.0,1877.0,12560.0,16290320.0,ready
Sumadhura Infracon Pvt Ltd,P02400001051,Sumadhura Horizon,apartment,Kondapur,6/1/2025,486,5.0,3BHK,1915.0,2710.0,11050.0,21160750.0,ready
W P Constructions,P02400003651,WP Stellar Avenue,apartment,Kondapur,1/1/2022,15,0.15,2BHK,1057.0,1136.0,6801.0,7188657.0,ready
Go Green Infra Projects,P02400000860,Go Green Raghavendra Residency,apartment,Kondapur,1/1/2019,9,0.1,3BHK,1572.0,1582.0,5100.0,8017200.0,ready
PVR Constructions,P02400003728,PVR Prime,apartment,Kondapur,10/1/2024,10,0.09,3BHK,1265.0,1265.0,6801.0,8603265.0,ready
Manju Infra Avenues,P02500000708,Manju Infra Avenues,apartment,Kondapur,1/1/2025,20,0.21,"2BHK , 3BHK",1250.0,1500.0,5300.0,6625000.0,ready
Sri Asitha Constructions,P01100002702,Sri Asitha Peace Elite Residency,apartment,Kondapur,1/1/2026,10,0.07,2BHK,1035.0,1090.0,6000.0,6210000.0,future
Pinnacle Constructions,P02400004578,Pinnacle Sudhini Enclave,apartment,Kondapur,1/1/2023,15,0.12,"1BHK , 2BHK",1000.0,1150.0,6801.0,6801000.0,ready
Sunrise Infra,P02400000471,Sunrise Bliss,apartment,Kondapur,1/1/2024,20,0.24,3BHK,1500.0,1500.0,5200.0,7800000.0,ready
Lotus Homes,P02400002615,Lotus Dwaraka,apartment,Kondapur,1/1/2025,10,0.1,"2BHK , 3BHK",1210.0,1510.0,6000.0,7260000.0,ready
Kohinoor Infra,P02400000657,Rainbow Residency Hyderabad,apartment,Kondapur,1/1/2024,10,0.1,3BHK,1600.0,1600.0,4900.0,7840000.0,ready
Sri Chaitanyaram Builders,P02400005127,Sri Chaitanya Elite,apartment,Kondapur,1/1/2025,10,0.09,"2BHK , 3BHK",1200.0,1600.0,4800.0,5760000.0,ready
Sri Mahavishnu Infra LLP,P02400004323,Sri Harmony Avenues Jasmine Block,apartment,Kondapur,10/1/2024,15,0.17,"2,3BHK",1320.0,1900.0,6801.0,8977320.0,ready
Sri Chaitanyaram Builders,P02400005127,Chaitanya Elite,apartment,Kondapur,1/1/2027,10,0.09,"2BHK , 3BHK",1200.0,1600.0,6801.0,8161200.0,future
SS Foundations,P02400002440,SS Sai Shanthi Nivas,apartment,Kondapur,1/1/2022,15,0.22,3BHK,1450.0,1935.0,4700.0,6815000.0,ready
Aditi Avenues,P02400003929,Annapurna Residency Kondapur,apartment,Kondapur,1/1/2027,10,0.12,3BHK,1625.0,1625.0,6801.0,11051625.0,future
Candeur Constructions Private Limited,P02400005724,Candeur Lakescape,apartment,Kondapur,12/1/2028,1990,9.11,"2BHK , 3BHK",1149.0,2416.0,8450.0,9709050.0,future
Inspire Projects,P02400002698,Inspire The Orion,apartment,Kondapur,1/1/2024,10,0.12,2BHK,1150.0,1150.0,4200.0,4830000.0,ready
Creative Estates,P02400000322,Creative Aarvi Avenue,apartment,Kondapur,1/1/2024,10,0.12,3BHK,1186.0,1186.0,5000.0,5930000.0,ready
SVRK Nirman,P02400001759,Sri Sreenivasam,apartment,Kondapur,1/1/2025,10,2.24,3BHK,1450.0,1450.0,6069.0,8800050.0,ready
Sri Eswarram Buildcon Private Limited,P02400005236,Eswarrams Green View,apartment,Kondapur,7/1/2025,10,0.08,2BHK,1220.0,1220.0,6000.0,7320000.0,ready
Avantika Constructions,P02400001083,Avantikas Swathi,apartment,Kondapur,1/1/2024,20,2.5,2BHK,1160.0,1560.0,7000.0,8120000.0,ready
Pristine Constructions,P02400003365,Pristine Fern,apartment,Kondapur,1/1/2026,20,0.2,2BHK,1230.0,1239.0,6801.0,8365230.0,future
Munipalle Jayalakshmi,P02400004601,Joyous Meadows,plot,Kothapet,1/1/2024,87,7.0,Plot,1324.0,1324.0,5550.0,7348200.0,ready
Ashraya Associates,P02400003207,KVR Ashraya Awas,apartment,Kothapet,1/1/2027,115,1.24,"2BHK , 3BHK",1124.0,2106.0,5900.0,6631600.0,future
Shri Constructions Hyderabad,P02200001347,Shri Alliance Heights,apartment,Kothapet,7/1/2025,15,2.12,2BHK,1010.0,1050.0,5200.0,5252000.0,ready
Nanda Infra,P02400004206,Nanda Blossom,apartment,Kothapet,1/1/2025,10,0.12,"2BHK , 3BHK",1362.0,1794.0,5550.0,7559100.0,ready
Sripradha Constructions,P02400003385,Sripradha Gopala Golukulam,apartment,Kothapet,8/1/2022,10,0.11,3BHK,1205.0,1205.0,5550.0,6687750.0,ready
Saudha Infra,"P02200003251,P02200003229,P02200004906",Saudha Pride,apartment,Kukatpally,1/1/2027,55,0.16,"2BHK , 3BHK",1110.0,1410.0,7400.0,8214000.0,future
Ohana Homes,P02200003489,Ohana Summit,apartment,Kukatpally,3/1/2027,15,0.12,"2,3BHK",865.0,1297.0,6507.0,5628555.0,future
Manbhum Construction Company Pvt Ltd,P02200004600,Manbhum A Grove By The Lake,apartment,Kukatpally,3/1/2028,286,2.83,"3BHK, 4BHK",1262.0,2174.0,5800.0,7319600.0,future
Mathrubhuumi Constructions,P02200001636,Mathrubhuumi Yaadaadri Nilayam,apartment,Kukatpally,7/1/2025,,4.38,2BHK,1025.0,1200.0,6507.0,6669675.0,ready
Canny Group,"P02200003474, P02200003473",Canny Bondada Park Edge,apartment,Kukatpally,1/1/2027,25,0.11,"1BHK , 2BHK , 3BHK",478.0,1328.0,6507.0,3110346.0,future
Nakshatra Infra,P02200003452,Nakshatras PV Pride,apartment,Kukatpally,1/1/2027,10,0.14,3BHK,1855.0,1855.0,4936.0,9156280.0,future
Akshaya Associates,P02200003383,Akshaya Residency Kukatpally,apartment,Kukatpally,1/1/2027,10,0.1,3BHK,1440.0,1450.0,6507.0,9370080.0,future
Prajay Samshraya Homes,P02200002337,H and M Samshraya Homes,apartment,Kukatpally,8/1/2026,144,1.46,"2BHK, 3BHK",1150.0,1424.0,6900.0,7935000.0,future
White Water Constructions,"P02200006175, P02200002763",White Waters at Y,apartment,Kukatpally,1/1/2025,408,7.0,3BHK,1575.0,2210.0,7500.0,11812500.0,ready
Honer prime housing limited,P02200005923,Honer Homes Signatis,apartment,Kukatpally,12/1/2026,3266,27.5,"3BHK, 4BHK",1610.0,3815.0,6507.0,10476270.0,future
Sri Vasavi Developers,P02400006145,Sri Vasavi Diamond Pharma City,plot,Kurimidda,3/1/2024,101,7.9,Plot,1485.0,4105.0,0.0,0.0,ready
Vantage Developers,P02400003340,Sri Vantage KVS Raju Towers,apartment,L B Nagar,1/1/2029,240,2.23,"2BHK , 3BHK",1183.0,1976.0,6200.0,7334600.0,future
Vasavi Groups,P02500000026,Vasavi Sri Nilayam,apartment,L B Nagar,4/1/2024,773,11.0,"2BHK, 3BHK",1143.0,2165.0,9480.0,10835640.0,ready
Haris Pranava Constructions,P02400005498,Haris Rukmini Pranava 101,apartment,L B Nagar,8/1/2028,101,1.0,"2BHK , 3BHK",1458.0,2131.0,7299.0,10641942.0,future
APR group,P02400006219,APR Praveens Golden Leaf,apartment,L B Nagar,1/1/2025,548+ ,45.0,"3BHK, 4BHK",1910.0,3150.0,7660.0,14630600.0,ready
JB Galaxy,P02400004441,JB Galaxy Fountain Park,apartment,Lingampally,1/1/2028,270,3.03,"2BHK , 3BHK",1296.0,2041.0,7200.0,9331200.0,future
Jain Sadguru Constructions LLP,P02400000904,Jain Sadguru Image Capital Park,commercial,Madhapur,5/1/2019,94,3.0,"2BHK , 3BHK",1944.0,17843.0,11818.0,22974192.0,ready
Vision Infra Developers,P02400000839,Vision Madhuban Apartment,apartment,Madhapur,1/1/2020,10,0.16,3BHK,2034.0,2077.0,10551.0,21460734.0,ready
Silpa Homes,P02400001183,Silpa Pride,apartment,Madinaguda,1/1/2025,20,1.0,"2BHK , 3BHK",1043.0,1281.0,4800.0,5006400.0,ready
Giridhari construction,P01400005596,Giridhari Elite,apartment,Mahabubnagar,11/1/2027,60,23.0,"2BHK, 3BHK",1065.0,1180.0,4000.0,4260000.0,future
Giridhari construction,P01400002666,Giridhari Season Town,plot,Mahabubnagar,1/1/2022,370,33.0,Residential Plots,1246.0,5693.0,4000.0,4984000.0,ready
Giridhari construction,P01400002717,Giridhari Green County,"apartment, villa",Mahabubnagar,1/1/2019,249,23.0,"2BHK, 3BHK",1125.0,2500.0,4000.0,4500000.0,ready
Siyora Developers,P02000004028,Siyora Shakthi County,plot,Mahadevpur Colony,1/1/2022,192,14.63,Plot,1287.0,3654.0,1111.0,1429857.0,ready
Akshita Infra,P02400005424,Akshita Golden Breeze Phase 4,plot,Maheshwaram,9/1/2022,548,40.0,Plot,1350.0,3510.0,5862.0,7913700.0,ready
Aalay Infra,P02400004410,Aalay Rolling Meadows,villa,Maheshwaram,1/1/2028,366,37.6,"1BHK , 2BHK , 3BHK , 4BHK",1390.0,4731.0,5862.0,8148180.0,future
Ramky Estates & Farms Ltd,P02400000023,Ramky Discovery City,villa,Maheshwaram,1/1/2022,125,9.98,"3BHK, 4BHK",2038.0,3870.0,6830.0,13919540.0,ready
Bijjam Real Value Developers,P02400003675,Bijjam Neo Green County,plot,Maheshwaram,1/1/2024,164,35.87,Plot,2861.0,11453.0,5862.0,16771182.0,ready
Akshita Infra,"P02400000815,P02400001299,P02400005008",Akshita Golden Ridge,plot,Maheshwaram,1/1/2022,439,40.0,Plot,1215.0,2520.0,2444.0,2969460.0,ready
Ridge Homes,P02400005589,Ridge Tranquil Valley,plot,Maheshwaram,12/1/2025,160,12.26,Plot,1800.0,2997.0,2210.0,3978000.0,ready
Rohini minerals PVT,P02400006003,premium county,plot,Maheshwaram,11/1/2025,243,16.02,Residential Plots,1350.0,4193.0,2850.0,3847500.0,ready
Urban City Infra& PVR Infrastructures,P02400005289,Classic County,plot,Maheshwaram,6/1/2023,152,10.89,Residential Plots,164.0,494.0,20000.0,3280000.0,ready
ACE Estates,P02400005032,ACE Arcadia,plot,Maheshwaram,1/1/2025,108,8.14,Plot,1815.0,2959.0,2670.0,4846050.0,ready
Grenstone Infra,P02400005051,Grenstone Siri Elite,villa,Maheshwaram,1/1/2024,93,6.66,4BHK,2701.0,3061.0,5390.0,14558390.0,ready
Ramky Estates & Farms Ltd,P02400000009,Ramky Greenview Apartments,apartment,Maheshwaram,1/1/2022,200,4.0,"2BHK, 3BHK",980.0,2060.0,4500.0,4410000.0,ready
Redwood Constructions,P02400001008,Redwood PMR Heights,apartment,Mailardevpally,1/1/2021,20,0.17,2BHK,1150.0,1150.0,6580.0,7567000.0,ready
Mailika Infra Projects,P02400004898,Mailika Ayodhya Ram,apartment,Mailardevpally,5/1/2026,10,0.09,3BHK,1076.0,1378.0,5500.0,5918000.0,future
Shree Yash Developers,P02400001682,Mayras Classic,apartment,Mailardevpally,1/1/2021,20,0.18,2BHK,1001.0,1051.0,6040.0,6046040.0,ready
Manasa Sarovar Constructions,P02500002741,Gopis Manasa Sarovar,apartment,Malakpet,1/1/2027,10,0.1,3BHK,1400.0,1400.0,4000.0,5600000.0,future
RR Infra,P02200004152,RR Mythri Park,plot,Malkajgiri,12/1/2024,85,5.94,Plot,1499.0,5144.0,3742.0,5609258.0,ready
Akshita Infra,P02200001429,Akshita Heights Malkajgiri,apartment,Malkajgiri,1/1/2021,35,1.0,2BHK,1175.0,1175.0,3742.0,4396850.0,ready
Sri L N Infra,P02200003395,Sri L N Sai Krishnas Raj Residency,apartment,Malkajgiri,1/1/2023,10,0.08,"2BHK , 3BHK",1135.0,1465.0,3742.0,4247170.0,ready
Idream rk infra structure,P01100005792,RK Oxygen Valley,apartment,Mallampet,12/1/2025,190,3.18,"2BHK, 3BHK",1290.0,1920.0,5100.0,6579000.0,ready
Sri Aditya Homes Pvt Ltd,P02400005533,Sri Aditya Vantage,apartment,Manchirevula,8/1/2028,338,9.47,"3BHK , 4BHK",6570.0,8380.0,13000.0,85410000.0,future
Adhirath And Dhriti Developers And Builders Private Limited,P02400002921,Adhirath Radha Govinda Residency,apartment,Manchirevula,3/1/2023,20,0.25,3BHK,1507.0,1528.0,13000.0,19591000.0,ready
Anuhar Homes,P02400000239,Anuhar Sunny Side,apartment,Manikonda,1/1/2020,20,0.31,3BHK,1761.0,1967.0,7755.0,13656555.0,ready
Sunshine Developers,P02400004666,Sunshine Vihaan,apartment,Manikonda,1/1/2025,167,2.0,2BHK,1222.0,1227.0,7200.0,8798400.0,ready
RPC Projects,P02400005133,RPC The Park,apartment,Manikonda,1/1/2027,10,0.96,2BHK,1085.0,1085.0,7755.0,8414175.0,future
Heavenly Homes,P02400003789,Heavenly HHC Gardenia,apartment,Manikonda,1/1/2027,15,0.17,3BHK,1242.0,1685.0,6000.0,7452000.0,future
Ramky Estates & Farms Ltd,P02400000034,Ramky One Astra,apartment,Manikonda,12/1/2026,292,3.69,"3BHK, 4BHK",1720.0,2461.0,9910.0,17045200.0,future
Riddhi Group,P02400000753,Riddhis Grandeur,apartment,Manikonda,1/1/2023,118,1.0,"2BHK , 3BHK",1175.0,1570.0,7910.0,9294250.0,ready
Sri Venkata Shiva Constructions,P02400005062,Sri Shanthi Residency,apartment,Manikonda,1/1/2025,10,0.1,3BHK,1450.0,1450.0,7755.0,11244750.0,ready
Sunshine Developers,P02400001989,Sunshine Regalus,apartment,Manikonda,1/1/2020,5,0.26,"3BHK , 4BHK",4431.0,5041.0,7755.0,34362405.0,ready
Prestige Constructions,P02500003864,Prestige Trident,apartment,Mansoorabad,1/1/2025,334,3.5,3BHK,1650.0,1955.0,7600.0,12540000.0,ready
Bhargavi Constructions,P02400003183,Bhargavi Emrald,apartment,Mansoorabad,3/1/2027,10,0.08,2BHK,100.0,100.0,7600.0,760000.0,future
Ganapathi Builders And Developers,P02400003156,Ganapathi Silk Tower,apartment,Mansoorabad,1/1/2027,208,2.27,"2BHK , 3BHK",1173.0,2630.0,7600.0,8914800.0,future
ARD Constructions,P02500003297,AR S Kasturi Residency,apartment,Mansoorabad,2/1/2027,10,0.1,3BHK,974.0,1450.0,7600.0,7402400.0,future
Springfield Developers,P01300003908,Springfield Gajwel Crown,apartment,Medak,7/1/2027,50,0.43,"1BHK , 2BHK , 3BHK",600.0,1515.0,4000.0,2400000.0,future
TMR Infra,"P01000003873,P01000002916,P01000003802",TMR Green Meadows,plot,Medak,1/1/2024,432,50.0,Plot,1320.0,4274.0,1556.0,2053920.0,ready
Avantikas Godavari,"P02400003184, P02400003159, P02400003166",Avantikas Godavari,apartment,Medak,1/1/2025,45,0.39,"2BHK , 3BHK",1095.0,1540.0,3935.0,4308825.0,ready
K K Constructions,P02200003274,KK Venkata Saraswathi Heights,apartment,Medchal,1/1/2026,20,0.17,2BHK,1150.0,1150.0,3500.0,4025000.0,future
Sankalp Constructions,P02200002292,Sankalps Gvrs Residency,apartment,Medchal,7/1/2025,20,0.14,2BHK,765.0,765.0,6286.0,4808790.0,ready
Srias Life Spaces LLP,P02200005072,Srias The Boat Club,villa,Medchal,3/1/2025,190,25.0,"3BHK , 4BHK",2269.0,48631.0,15560.0,35305640.0,ready
Gangasthan Medchal,"P02200004508, P02200004507",Gangasthan Medchal,plot,Medchal,1/1/2025,535,52.8,Plot,2272.0,7652.0,6286.0,14281792.0,ready
Avani Builders,P02200004512,Avani Gardenia,apartment,Medchal,1/1/2022,15,0.16,2BHK,1223.0,1347.0,6286.0,7687778.0,ready
Aparna,P02200004599,Aparna Urvi,plot,Medchal,1/1/2025,136,13.69,Plot,1998.0,3381.0,6286.0,12559428.0,ready
SV Homes,P02200003043,SV Abhinandan,apartment,Medchal,1/1/2026,94,1.24,"2BHK , 3BHK",998.0,1925.0,4000.0,3992000.0,future
SMC Infra Developers,P02200005643,SMC County,plot,Medchal,8/1/2025,176,25.5,Plot,1610.0,2035.0,1770.0,2849700.0,ready
Rayala Builders And Developers,P02200002336,Rayala Sai Ganga,apartment,Medchal,1/1/2026,10,0.08,2BHK,1200.0,1250.0,6286.0,7543200.0,future
E11 Homes,P02200003943,E11 Evolve,apartment,Medchal,11/1/2027,86,0.99,"2BHK , 3BHK",1240.0,1695.0,6600.0,8184000.0,future
Golden Homes,P02500002688,Golden Sathya Devaki Residency,apartment,Meerpet,1/1/2025,111,1.22,"2BHK , 3BHK",844.0,1640.0,5500.0,4642000.0,ready
GMRC Constructions,P02400004920,GMRC Pride,apartment,Meerpet,1/1/2025,15,0.12,"1BHK , 2BHK",622.0,790.0,5133.0,3192726.0,ready
BS infra,P02400005491,BS Vishan S Castle,apartment,Meerpet,1/1/2025,95,1.0,"2BHK, 3BHK",1157.0,1722.0,5000.0,5785000.0,ready
Siri Sampada Homes,P02400004341,Siri Sampada Arun Prime,apartment,Meerpet,1/1/2023,15,0.15,2BHK,874.0,1025.0,4900.0,4282600.0,ready
SR Builders And Developers Hyderabad,P02400002550,MSRs Serene City,apartment,Miyapur,1/1/2022,101,4.69,"2BHK , 3BHK",1345.0,2200.0,6800.0,9146000.0,ready
Nebula Aavaas,P02200000223,Pacifica Nebula Aavaas,apartment,Miyapur,12/1/2019,2700,9.0,"1BHK, 2BHK",565.0,1214.0,6173.0,3487745.0,ready
MRKR Constructions & Industries,P02400003353,MRKR Meda Prestige,apartment,Miyapur,1/1/2027,273,2.0,"2BHK , 3BHK",1251.0,1678.0,7250.0,9069750.0,future
Aspire Spaces Pvt Ltd,P01100002844,Aspire Spaces Ameya,apartment,Miyapur,12/1/2024,936,8.06,"2BHK, 3BHK",1210.0,1940.0,6700.0,8107000.0,ready
NSK Constructions,P02400003215,NSK Platina,apartment,Miyapur,1/1/2024,288,2.67,"2BHK , 3BHK",1025.0,1580.0,6300.0,6457500.0,ready
Candeur Developers,P02400005082,Candeur Twins,apartment,Miyapur,1/1/2028,742,3.5,3BHK,1590.0,2060.0,7600.0,12084000.0,future
Dhamam Infra Projects Pvt Ltd,P02400000767,Apple Ridge,apartment,Miyapur,1/1/2023,15,1.0,2BHK,1006.0,1344.0,5400.0,5432400.0,ready
Himalaya Constructions,P02500002955,Himalaya Anjani Residency,apartment,Miyapur,1/1/2026,11,0.12,"1BHK , 2BHK , 3BHK",615.0,1273.0,4900.0,3013500.0,future
Greater Infra Projects,P01100005333,Greater Iris,apartment,Miyapur,8/1/2025,65,1.03,"2BHK , 3BHK",1100.0,1760.0,6800.0,7480000.0,ready
Greater Infra Projects,P01100004997,Greater Honesty,apartment,Miyapur,5/1/2025,65,0.74,"2BHK , 3BHK",1100.0,1760.0,6800.0,7480000.0,ready
KPR Constructions,P02400002463,Vaibhav Arcade,apartment,Miyapur,1/1/2027,10,0.08,2BHK,1176.0,1176.0,4801.0,5645976.0,future
Sravya Infra Projects,P01100005944,Sravya The Bilwa,apartment,Miyapur,1/1/2028,128,1.15,3BHK,1840.0,2215.0,6173.0,11358320.0,future
Sri Rudra Constructions,P02400003552,Sri Bella Vista,apartment,Miyapur,1/1/2026,20,0.17,2BHK,1091.0,1136.0,4500.0,4909500.0,future
Bhuvan Grandeur Construction,P02400000882,Bhuvan Sri Sai Bhuvans Sai Roshni,apartment,Miyapur,1/1/2024,20,2.71,3BHK,1386.0,1386.0,4800.0,6652800.0,ready
Gokul Constructions Ameenpur,P01100001738,Gokul Pride,apartment,Miyapur,1/1/2025,25,0.24,2BHK,1100.0,1100.0,6173.0,6790300.0,ready
Vertex Homes,P02400005475,Vertex Viraat,apartment,Miyapur,10/1/2028,1428,8.7,"2BHK , 3BHK",1340.0,2030.0,7600.0,10184000.0,future
Sri Rudra Constructions,P02400003552,Sri Rudra Bella Vista,apartment,Miyapur,1/1/2026,20,0.17,2BHK,1091.0,1136.0,6173.0,6734743.0,future
Akshara Group,P02400004440,Akshara River Edge,plot,Mokila,1/1/2024,100,9.76,Plot,1350.0,1350.0,7433.0,10034550.0,ready
Nikhila Constructions And Developers,P02400005085,Nikhila Royal Pavilion,apartment,Mokila,1/1/2028,420,4.64,"2BHK , 3BHK , 4BHK",1330.0,3135.0,5700.0,7581000.0,future
Vistara Projects,P02400004825,Visara Srivari Meadows,villa,Mokila,1/1/2024,114,14.0,4BHK,4254.0,4800.0,12000.0,51048000.0,ready
Amanteja Developers,P02400003729,Amanteja Neeladri Basil,apartment,Mokila,1/1/2027,92,0.99,"2BHK , 3BHK",900.0,1815.0,4600.0,4140000.0,future
Endeco Builders And Developers,P02200004468,Endeco TS Heights,apartment,Moti Nagar,1/1/2028,240,2.0,"4BHK , 3BHK , 2BHK",1155.0,2268.0,6930.0,8004150.0,future
Brigade Enterprises Ltd,"P02200002237,P02200002392,P02200002548,P02200004085",Brigade Citadel,apartment,Moti Nagar,9/1/2025,1124,11.0,"2BHK, 3BHK",1174.0,1798.0,10790.0,12667460.0,ready
Brigade Enterprises Ltd,P02200002392,Brigade Citadel Phase II,apartment,Moti Nagar,12/1/2025,158,12.74,"2BHK, 3BHK",1174.0,1793.0,9500.0,11153000.0,ready
Modern Adonais Tower,P02200003485,Modern Adonais Tower,apartment,Nagaram,1/1/2027,15,0.12,2BHK,1021.0,1080.0,4485.0,4579185.0,future
Pratap Constructions,P02200004895,Pratap Pride,apartment,Nagaram,7/1/2024,28,0.18,2BHK,1136.0,993.0,4742.0,5386912.0,ready
Sri Achyuta Rainbow Infra,P02200005438,Sri Achyuta Art Living Homes,apartment,Nagaram,9/1/2026,143,0.98,"2BHK, 3BHK",1250.0,1600.0,5000.0,6250000.0,future
Srija Constructions,P02200004688,Srija Crystal,apartment,Nagole,1/1/2025,10,0.08,2BHK,1205.0,1205.0,8000.0,9640000.0,ready
Harika Constructions,P02200005671,Harika Constructions,apartment,Nagole,7/1/2025,50,0.61,"2BHK , 3BHK",1249.0,1760.0,5500.0,6869500.0,ready
SV Constructions And Developers,P02200003301,SV Heights,apartment,Nagole,1/1/2026,90,0.92,3BHK,989.0,1278.0,5470.0,5409830.0,future
Sai Srinivasa Builders And Developer,P02200001914,Sai Srinivasa Luxuria,apartment,Nagole,11/1/2024,10,0.12,3BHK,1114.0,1114.0,6323.0,7043822.0,ready
SRK Developers,P02200002900,S R K River Front Residency,apartment,Nagole,6/1/2026,15,0.16,"2,3BHK",1015.0,1400.0,6323.0,6417845.0,future
Aditya Developers,P02400000760,Adiyta Sreevari Nilayam,apartment,Nallagandla,1/1/2024,35,0.45,"2BHK , 3BHK",1187.0,1833.0,7399.0,8782613.0,ready
Kinetic Homes,P02500004198,Kinetic Palazzo,apartment,Nallagandla,1/1/2023,147,1.52,"2BHK , 3BHK",1109.0,1912.0,7399.0,8205491.0,ready
Fuerzaa Group,P02200006012,Raagaa Spaces By Fuerzaa,apartment,Narepally,12/1/2025,20,0.23,3BHK,1582.0,1668.0,4955.0,7838810.0,ready
Ace Ventures India Pvt Ltd,P02200003283,Ace Ashaya And Alaya,apartment,Narepally,1/1/2024,118,1.88,"2BHK , 3BHK",1149.0,1917.0,5500.0,6319500.0,ready
Hallmark buiders,P02400003042,Hallmark Skyrena,apartment,Narsingi,10/24/2025,678,6.9,"2BHK, 3BHK",1280.0,2255.0,8700.0,11136000.0,ready
Sri Dhanvi Infra,P02400005455,Sri Dhanvi Marvel,apartment,Narsingi,2/1/2028,726,2.0,"2BHK , 3BHK",1200.0,1660.0,7300.0,8760000.0,future
Accurate Developers,P02400000042,Accurate Wind Chimes,apartment,Narsingi,12/1/2022,334,6.5,"2BHK, 3BHK",1091.0,1725.0,9100.0,9928100.0,ready
Saberi Constructions Private Limited,P02500000984,Saberi Lake View Villas,villa,Narsingi,1/1/2020,28,3.0,"2BHK , 4BHK",1194.0,4606.0,8248.0,9848112.0,ready
Saanvi Infra Properties,"P02400004924,P02400004944",Saanvi Aurelia Homes,apartment,Narsingi,1/1/2025,40,0.18,"2BHK , 3BHK",1204.0,1400.0,6650.0,8006600.0,ready
Lansum Properties LLP,P02400002654,Lansum El Dorado,apartment,Narsingi,12/1/2025,872,4.25,3BHK,1860.0,2225.0,8900.0,16554000.0,ready
Oorjita Builders & Developers,P02400004176,Oorjita Vedant,apartment,Narsingi,1/1/2027,500,5.0,"2BHK , 3BHK",1251.0,2388.0,7000.0,8757000.0,future
Ideal Builders,"P02400003463, P02400003444",Ideal Nest,apartment,Narsingi,1/1/2025,18,0.21,"2BHK , 3BHK",721.0,794.0,8248.0,5946808.0,ready
Ideal Builders,P02400005021,Ideal Butter Fly,apartment,Narsingi,1/1/2025,18,0.19,2BHK,706.0,706.0,7830.0,5527980.0,ready
Edifice Projects,P02500001059,Orchid Edifice,apartment,Narsingi,1/1/2022,15,3.9,"2BHK , 3BHK",1342.0,1752.0,8248.0,11068816.0,ready
Alekhya Homes,P02400004409,Alekhya Rise,apartment,Narsingi,1/1/2028,506,9.8,"2BHK , 3BHK , 4BHK",3014.0,6415.0,12000.0,36168000.0,future
SSD Ananda Nilayam,P02400001204,SSD Ananda Nilayam,apartment,Narsingi,1/1/2021,36,0.38,"2BHK , 3BHK",1030.0,1438.0,8248.0,8495440.0,ready
INSPIRE INFRA,P02400005024,Inspire Four Square,apartment,Narsingi,1/1/2025,120,1.0,"2BHK , 3BHK",1115.0,1630.0,8248.0,9196520.0,ready
Alekhya Homes,P02400003185,Alekhya Wind Song,apartment,Narsingi,1/1/2026,42,0.78,3BHK,1725.0,3250.0,8248.0,14227800.0,future
Urbn Infra,P02400005330,Urbn Deepa Shikha,apartment,Narsingi,2/1/2025,10,0.15,3BHK,1960.0,2250.0,7500.0,14700000.0,ready
Ananda Homes,P02400004975,Ananda The Drizzle,apartment,Narsingi,1/1/2028,850,10.0,"2BHK , 3BHK",1375.0,3210.0,8248.0,11341000.0,future
VASAVI CONSTRUCTIONS LLP,P02400003398,Vasavi Atlantis,apartment,Narsingi,1/1/2025,2199,12.0,"2BHK , 3BHK , 4BHK",1250.0,3330.0,7500.0,9375000.0,ready
Ace Ventures India Pvt Ltd,P02400005106,Ace Ananta,villa,Nawab Saheb Kunta,1/1/2028,124,14.21,4BHK,3300.0,7779.0,10000.0,33000000.0,future
Ramachandra Rao Alluri,P02400005059,Ramachandra Sita Village,plot,Nazdik Singaram,1/1/2024,117,10.43,Plot,1559.0,5695.0,11280.0,17585520.0,ready
Gruhashilpi Constructions Pvt. Ltd,P02200000453,Gruhashilpis Pallavi,apartment,Near Kompally,1/1/2024,10,0.14,3BHK,1496.0,1580.0,4400.0,6582400.0,ready
Maphar Constructions,P02400003205,Maphar Eternity,apartment,Neknampur,1/1/2022,20,0.2,"2BHK , 3BHK",1894.0,2463.0,6000.0,11364000.0,ready
Heavenly Homes,P02400003790,Heavenly HHC Eternia,apartment,Neknampur,1/1/2027,10,0.15,3BHK,1981.0,2037.0,6000.0,11886000.0,future
Pavani Group,P02200005477,Pavani Felicity,apartment,Nizampet,10/1/2028,276,2.51,3BHK,1726.0,2416.0,6500.0,11219000.0,future
SVLN Constructions and Infrastructure,P02200003399,SVLN Pride,apartment,Nizampet,1/1/2025,65,0.61,"2BHK , 3BHK",1105.0,1596.0,6500.0,7182500.0,ready
Mahitha Projects,P02200001463,Mahitha S Green Bamboos,apartment,Nizampet,1/1/2025,20,1.56,2BHK,1050.0,1050.0,6500.0,6825000.0,ready
Vasavi Group,P02200000209,Vasavi Signature,apartment,Opp. Forum Mall,11/1/2023,164,2.73,3BHK,1750.0,3205.0,8500.0,14875000.0,ready
Advaitas properties,P01100006129,Advaitas properties,apartment,Osman Nagar,12/1/2024,120,1.5,"2BHK , 3BHK",1225.0,1975.0,6800.0,8330000.0,ready
Aparna,P01100005196,Aparna Cyber Shine,apartment,Osman Nagar,3/1/2026,330,3.04,"2BHK , 3BHK",1325.0,1824.0,6400.0,8480000.0,future
Aparna,P01100005167,Aparna Cyber Star,apartment,Osman Nagar,8/1/2027,272,3.35,"2BHK , 3BHK",1270.0,1839.0,6400.0,8128000.0,future
Divine homes hyderabad,P01100005787,Divine Space Osman Nagar,apartment,Osman Nagar,1/1/2027,876,7.7,"2BHK, 3BHK",1230.0,2195.0,6400.0,7872000.0,future
Aparna,P01100005168,Aparna Cyberon,apartment,Osman Nagar,7/1/2027,160,2.54,3BHK,1494.0,1880.0,6000.0,8964000.0,future
Asrithas Group,P01100002614 ,Asrithas Jewels County,apartment,Patancheru,12/1/2025,792,5.65,"2BHK, 3BHK",1134.0,2107.0,5000.0,5670000.0,ready
Incor Infrastructure Pvt. Ltd.,P01100002420,INCOR Live By Lake,apartment,Patancheru,1/1/2026,1416,44.6,"1BHK, 2BHK, 3BHK",1674.0,2076.0,6120.0,10244880.0,future
Elemental Realty,P01100004394,Elemental Village,villa,Patancheru,1/1/2025,251,15.0,"3BHK , 4BHK",1677.0,2400.0,8330.0,13969410.0,ready
Sri Sai Constructions,P01100002152,Sri Sai SS County,apartment,Patancheru,1/1/2023,55,0.83,2BHK,1150.0,1270.0,6985.0,8032750.0,ready
Infocity Builders,P01100005988,Infocity County,villa,Patancheru,8/1/2027,102,8.25,4BHK,3305.0,3360.0,9800.0,32389000.0,future
S Square Infra,P01100003010,S Square Urban Greens,villa,Patancheru,5/1/2027,93,8.01,"3BHK, 4BHK",2239.0,4478.0,6985.0,15639415.0,future
Auro Realty,P01100005179,Auro Sansa County Phase I,villa,Patancheru,9/1/2027,1906,67.74,3BHK,2500.0,2500.0,5960.0,14900000.0,future
Sri Vigneshwara Infra,P01100005188,Sree Vista,apartment,Patancheru,2/1/2027,204,2.29,"2BHK , 3BHK , 4BHK",110.0,1965.0,6985.0,768350.0,future
Ramky Estates Farms Ltd,P01100003145,Ramky One Symphony,apartment,Patancheru,6/1/2027,1452,13.8,"2BHK, 3BHK",1065.0,3170.0,6700.0,7135500.0,future
Indis Group Incor,P02400000041,INDIS PBEL City,apartment,Peerancheru,11/1/2011,2500,25.0,"2BHK, 3BHK",1180.0,1972.0,6165.0,7274700.0,unknown
ShantaSriram Constructions Pvt Ltd,P02400003070,Shanta Sriram The Bodhivriksha,apartment,Peerancheru,1/1/2026,772,11.64,3BHK,1294.0,1975.0,7200.0,9316800.0,future
Lakshmi Projects,P01100004433,Lakshmi Harsha Classic,apartment,Peeranchuruvu,1/1/2023,64,0.75,"2BHK , 3BHK",1155.0,1885.0,5370.0,6202350.0,ready
Suvarnabhoomi Infra Developers,P01100002958,Aamuktha Suvarna Sampada,plot,Peeranchuruvu,1/1/2024,305,25.11,Plot,1503.0,4877.0,5410.0,8131230.0,ready
Indis,P02400000676,PBEL City Tower N Ruby,apartment,Peeranchuruvu,1/1/2023,198,25.0,"2BHK, 3BHK",1214.0,2650.0,8580.0,10416120.0,ready
SSV Green Stone Infra Pvt Ltd,P01100005689,Avani Nest,plot,Peeranchuruvu,10/1/2024,82,5.34,Plot,1620.0,2700.0,2400.0,3888000.0,ready
Vibhat Homes,P02500003173,Vibhat RNs Aakruti Heights,apartment,Peeranchuruvu,1/1/2025,40,0.49,2BHK,825.0,1138.0,5800.0,4785000.0,ready
Tranquillo Projects and Holdings Pvt Ltd,P01100004193,Tranquillo Aura,apartment,Peeranchuruvu,1/1/2025,210,2.3,2BHK,1050.0,1050.0,4900.0,5145000.0,ready
Emarald Constructions,P02200001666,Emarald Sri Mallikharjun Heights,apartment,Peerzadiguda,1/1/2022,15,0.13,"1BHK , 2BHK",635.0,1015.0,4400.0,2794000.0,ready
Sai Venkateswara Constructions Private Limited,P02200002462,S V Garika Yellamula Residency,apartment,Peerzadiguda,1/1/2026,10,0.16,3BHK,1830.0,1830.0,4400.0,8052000.0,future
Ksp Avenues,P02200003995,KSP Avenues Jubiliant,apartment,Petbasheerabad,1/1/2027,30,0.46,3BHK,1800.0,2420.0,6500.0,11700000.0,future
ASR Lifespace,P02200004099,ASR Life Spaces,apartment,Petbasheerabad,1/1/2024,86,1.12,3BHK,1694.0,2332.0,7100.0,12027400.0,ready
Maram Infra Projects Pvt.Ltd,P02200003867,Marams Mihira,apartment,Pocharam,1/1/2026,427,4.0,"2BHK , 3BHK",1141.0,2314.0,5050.0,5762050.0,future
Nithya Constructions,P02200004377,Nithya Aum,apartment,Pocharam,1/1/2027,132,1.34,"2BHK , 3BHK",1150.0,1224.0,5000.0,5750000.0,future
Ramky Estates Farms Ltd,P02200005803,Ramky One Orion,apartment,Pocharam,12/1/2027,1144,8.8,3BHK,1265.0,1825.0,6560.0,8298400.0,future
Sahasra Builders,P02200005650,Sahasra Annika Residency,apartment,Pocharam,1/1/2023,25,0.22,2BHK,894.0,1100.0,5016.0,4484304.0,ready
Sai Shiva Constructions,P02200000799,Sai Shiva Sai Savithramma Arcade,apartment,Pocharam,1/1/2021,20,3.23,2BHK,855.0,885.0,3800.0,3249000.0,ready
Ace Ventures India Pvt Ltd,P02200003861,Ace Amura,apartment,Pocharam,1/1/2024,208,1.78,2BHK,932.0,950.0,4670.0,4352440.0,ready
Navya Developers,P01100001095,Navya Navanirman Nagar,plot,Pocharam Near Muthangi,1/1/2022,216,16.0,Plot,1650.0,4180.0,2330.0,3844500.0,ready
Ramky Estates & Farms Ltd,P02200002611,Ramky One Harmony,apartment,Pragathi Nagar,1/1/2024,400,8.1,"2BHK, 3BHK, 4BHK",1155.0,1595.0,7100.0,8200500.0,ready
Mahitha Projects,P02200002870,Mahithas Green Nest,apartment,Pragathi Nagar,1/1/2026,15,0.1,2BHK,1075.0,1075.0,5650.0,6073750.0,future
Pristine Constructions,P02200002226,Pristine Archid,apartment,Pragathi Nagar,8/1/2024,1,0.53,3BHK,1201.0,1292.0,5650.0,6785650.0,ready
Jaya Group,P02200004769,Jayas Diamond,apartment,Pragathi Nagar,4/1/2025,83,1.0,"2BHK , 3BHK",1190.0,1421.0,4500.0,5355000.0,ready
Pragathi Infra,P02200001791,Pragathis Raghupathi County,apartment,Pragathi Nagar,1/1/2026,260,7.5,"2BHK , 3BHK",1265.0,2075.0,6100.0,7716500.0,future
Swarna Infra Builders And Developers,P02200002399,Swarna Blossom Heights,apartment,Pragathi Nagar,1/1/2020,15,0.16,"2BHK , 3BHK",1122.0,1595.0,5200.0,5834400.0,ready
Marvel Infra,P02500002128,Marvel Grandeur Pragathi Nagar,apartment,Pragathi Nagar,1/1/2026,10,0.09,"2BHK , 3BHK",1200.0,1440.0,5650.0,6780000.0,future
Abhi Constructions,P02200001923,Abhi Tirumala Hills Neeladri And Garudadri,apartment,Pragathi Nagar,1/1/2020,69,2.08,"2BHK , 3BHK",1292.0,1668.0,5200.0,6718400.0,ready
Risinia The Edge,P02200005562,The Edge by Risinia,apartment,Pragathi Nagar,12/1/2025,272,2.72,"2BHK , 3BHK",1312.0,1960.0,5800.0,7609600.0,ready
Shiva Sai Infra,P02400002175,Shiva LA Greens,apartment,Puppalaguda,1/1/2024,58,0.94,"2BHK , 3BHK",1036.0,1805.0,7500.0,7770000.0,ready
Signature Developers Hyderabad,P02400004874,Signature Horizon,apartment,Puppalaguda,1/1/2024,82,1.6,"2BHK , 3BHK",1827.0,3575.0,8275.0,15118425.0,ready
Magna Infratech India,P02400003027,Magna Fort View,apartment,Puppalaguda,1/1/2027,20,0.2,2BHK,1260.0,1260.0,8900.0,11214000.0,future
Lumbini Constructions,P02400005840,Lumbini Elysee,apartment,Puppalaguda,12/1/2025,156,2.5,"3BHK , 4BHK",2101.0,4143.0,8275.0,17385775.0,ready
Ideal Builders,P02400002617,Ideal Park Puppalguda,apartment,Puppalaguda,1/1/2026,20,0.18,2BHK,987.0,987.0,3002.0,2962974.0,future
Fortune Green Homes Falcon,P02400000079,Fortune Green Falcon,apartment,Puppalaguda,1/1/2024,120,1.41,3BHK,1135.0,1765.0,8100.0,9193500.0,ready
Western Constructions,P02400005326,Western Springs,apartment,Puppalaguda,12/1/2026,1491,13.14,"3BHK , 4BHK",2315.0,9999.0,9500.0,21992500.0,future
Western Constructions,P02400005389,Western Marina,apartment,Puppalaguda,12/1/2027,450,8.15,4BHK,5441.0,5751.0,11000.0,59851000.0,future
Raghuram Pradeep Constructions (India) LLP,P02400003990,The Vue Residences,apartment,Puppalaguda,4/1/2025,1154,10.0,"3BHK, 4BHK",1500.0,2660.0,9000.0,13500000.0,ready
EIPL,P02400005057,EIPL Corner Stone,apartment,Puppalaguda,1/1/2026,989,9.5,"2BHK , 3BHK",1360.0,2350.0,9200.0,12512000.0,future
CADOL PROPERTIES,P02200003853,Cadol Mysa,apartment,Qutubullapur,1/1/2027,126,1.56,"2BHK , 3BHK , 4BHK",1330.0,3085.0,6800.0,9044000.0,future
The Building Company,P02200002083,TBC Dwar,apartment,Qutubullapur,1/1/2026,40,0.51,"2BHK , 3BHK",1287.0,1924.0,6299.0,8106813.0,future
Totaram Builders and Developers,P02400004951,Totaram Aakar Heights,apartment,Qutubullapur,1/1/2025,20,0.1,3BHK,1054.0,1520.0,5000.0,5270000.0,ready
Mitra Ventures,P02400000251,Mitra Sri Sai Yadav Residency,apartment,Qutubullapur,1/1/2019,12,0.1,2BHK,825.0,992.0,3840.0,3168000.0,ready
SMR Holdings,P02400000052,SMR SMS Vinay Casa Carino,villa,Rajendra Nagar,1/1/2024,143,22.0,"4BHK, 4+BHK",3317.0,5536.0,18000.0,59706000.0,ready
Mirage Constructions,P02400005070,Mirage Anmol Avalon Towers,apartment,Rajendra Nagar,1/1/2028,449,3.16,"2BHK , 3BHK , 4BHK",883.0,2047.0,7000.0,6181000.0,future
Vew Infra Projects,P02400004918,Vew Vishwasya Stellarview,apartment,Rajendra Nagar,1/1/2025,20,0.32,3BHK,2121.0,2121.0,12500.0,26512500.0,ready
Nirmal Landmark Nirmal Shelters P Ltd,P02200001613,Nirmal Landmark,apartment,Ramanthapur,1/1/2023,55,0.75,"2BHK , 3BHK",1100.0,1745.0,7500.0,8250000.0,ready
Elite Builder and Developers,P02200004651,Elite Parsa Residency,apartment,Ramanthapur,1/1/2027,10,0.13,3BHK,1549.0,1600.0,7500.0,11617500.0,future
Navayuga developers,P01100005716,Navayuga Green City,plot,Sadashivpet,4/1/2024,188,31.0,Plot,1350.0,2700.0,1555.0,2099250.0,ready
Beyond Nature,P01100006002,icon homes,plot,Sadashivpet,11/1/2025,156,15.0,Plot,1800.0,3084.0,2100.0,3780000.0,ready
Shukruthi Infra Projects,"P01100005153, P01100005626, P01100005760",Shukruthi Samprada Oaks Phase III,plot,Sadashivpet,9/1/2024,149,18.0,Residential Plots,1722.0,2605.0,2487.0,4282614.0,ready
Greater Infra Projects Hyderabad,P01100005872,Greater Infra,plot,Sadashivpet,7/1/2025,128,7.74,Plot,1450.0,3357.0,2550.0,3697500.0,ready
Spectra India Mega Projects P Ltd,P02400004070,Spectra Tech Towers,apartment,Sahebnagar Kalan,1/1/2027,513,7.24,"2BHK , 3BHK",900.0,1484.0,6000.0,5400000.0,future
Hanuman Builders,P02500000122,Eternal Indra Apartment,apartment,Saidabad,1/1/2022,10,0.13,"2BHK , 3BHK",1210.0,1800.0,4600.0,5566000.0,ready
Sai Deetya Developers,P02500003009,Sai Deetya S Pearl Residency,apartment,Saidabad,1/1/2026,10,0.12,3BHK,1330.0,1330.0,4600.0,6118000.0,future
Milestone Constructions,P02500003660,Milestone Rajs Madhuban,apartment,Saidabad,1/1/2026,15,0.15,2BHK,1010.0,1800.0,4600.0,4646000.0,future
Allied Infra and Developers,P02200005321,Allied Imperial Avenue,apartment,Sanath Nagar,7/1/2025,127,1.91,"3BHK , 4BHK",1900.0,2800.0,10000.0,19000000.0,ready
Raja Rajeswara Constructions,P02500002320,Raja SV Hills,apartment,Sanath Nagar,1/1/2026,20,0.7,3BHK,1840.0,1890.0,10000.0,18400000.0,future
Green Earth Developers,P01100004200,Green Earth Marvel,plot,Sangareddy,1/1/2024,54,9.17,Plot,1475.0,7879.0,2861.0,4219975.0,ready
Land Base Ventures,P01100004155,Land Nakshtra,plot,Sangareddy,1/1/2024,355,26.3,Plot,1500.0,3348.0,2861.0,4291500.0,ready
Harshith Infra And Developers,P01100005806,Spring Fields Bhavani Enclave,plot,Sangareddy,9/1/2025,80,5.31,Plot,1125.0,1980.0,1222.0,1374750.0,ready
Vishwa Developers Hyderabad,P01100004670,Vishwa Silver Nest,apartment,Sangareddy,1/1/2025,25,0.24,2BHK,1050.0,1325.0,4500.0,4725000.0,ready
Sri Sai Krishna Property Developers,P01100003974,Sri Sai Krishna County,plot,Sangareddy,8/1/2023,335,24.58,Plot,187.0,357.0,2861.0,535007.0,ready
Luminous Paper Co,P01100004814,Luminous Serenity,plot,Sangareddy,1/1/2024,106,8.44,Plot,1323.0,3393.0,2861.0,3785103.0,ready
Balaji Dream Homes,P02400005785,Balaji Harmony Heights,apartment,Saroornagar,11/1/2028,231,0.93,"2BHK , 3BHK",1132.0,2226.0,5262.0,5956584.0,future
Eshwar Builders,P02400002382,Eshwar Eternal Rams Elite,apartment,Saroornagar,1/1/2026,10,0.31,3BHK,1560.0,1560.0,5400.0,8424000.0,future
Toopran Constructions Private Limited,P02400005300,Toopran Susheela Enclave,apartment,Saroornagar,2/1/2025,10,0.12,2BHK,1798.0,1798.0,7500.0,13485000.0,ready
Firmus Infrastructure Pvt Ltd,P02400005156,Firmus SS White House,apartment,Saroornagar,3/1/2025,30,0.39,"2,3BHK",1140.0,1600.0,5262.0,5998680.0,ready
Thipparthi Constructions Pvt. Ltd.,P02500003805,Thipparthi Myra,apartment,Saroornagar,1/1/2027,10,0.15,3BHK,1518.0,1685.0,6100.0,9259800.0,future
Siri Sampada Homes,P02400000093,Siri Sampada Sree Nivas,apartment,Saroornagar,11/1/2020,10,1.64,3BHK,3024.0,3024.0,5262.0,15912288.0,ready
Highrise Construction,P02400003090,Highrise Ayodhya,apartment,Saroornagar,9/1/2026,10,0.11,3BHK,1494.0,1550.0,5500.0,8217000.0,future
Medha Shelters,P02400003697,Medha GSR Towers,apartment,Saroornagar,1/1/2027,15,0.15,2BHK,960.0,1080.0,2574.0,2471040.0,future
Tirumala Constructions,P02400004315,Tirumala Padma Anjaneya,apartment,Saroornagar,1/1/2027,10,15.0,3BHK,1950.0,1950.0,4500.0,8775000.0,future
Amanteja Developers,P02500001957,Amanteja B N Reddy Enclave,apartment,Saroornagar,1/1/2026,47,0.59,"2BHK , 3BHK , 4BHK",1061.0,2251.0,5262.0,5582982.0,future
Jayadheera Constructions,P02400004498,Jayadheera Sri Sai Prameela,apartment,Saroornagar,11/1/2024,20,0.17,2BHK,801.0,801.0,5262.0,4214862.0,ready
Sreshta Developers,P02400003806,Sreshta Pranav Homes,apartment,Saroornagar,1/1/2027,10,0.13,3BHK,1485.0,1485.0,5262.0,7814070.0,future
Sreenidhi Projects,P01100002090,Sreenidhi Garuda,apartment,Secunderabad,1/1/2025,15,0.12,2BHK,724.0,750.0,4200.0,3040800.0,ready
Parijatha Homes,P02200001422,Parijatha Pride,apartment,Secunderabad,11/1/2024,150,2.0,"2BHK, 3BHK",975.0,1850.0,3080.0,3003000.0,ready
Sri Vathsas Sterling Abode,P02200003299,Sri Vathsa Sterling Abode,apartment,Secunderabad,1/1/2024,184,2.25,"2BHK , 3BHK",1176.0,1697.0,5600.0,6585600.0,ready
KVSS Constructions And Developers Pvt Ltd,P02200002405,KVSS Srinivasa Nilayam,apartment,Secunderabad,1/1/2021,20,0.16,2BHK,1155.0,1155.0,3530.0,4077150.0,ready
Sasyaa Infra Projects Private Limited,P02200002784,Sasyaa Sunrise One,apartment,Secunderabad,1/1/2026,10,0.11,3BHK,1510.0,1510.0,4220.0,6372200.0,future
Modi Properties Pvt Ltd,P02200001314,Modi Greenwood Heights,apartment,Secunderabad,1/1/2025,115,2.0,3BHK,1220.0,1945.0,5500.0,6710000.0,ready
GK Builders and Developers,P02200002971,GK Raj Casa Grande,apartment,Secunderabad,12/1/2024,280,5.74,"3BHK, 4BHK",2088.0,2808.0,5128.0,10707264.0,ready
Nestcon Shelters Pvt Ltd,P02200004942,Nestcon Jade,apartment,Secunderabad,1/1/2025,10,0.1,3BHK,1435.0,1435.0,5700.0,8179500.0,ready
Nice Constructions,P02200004983,Nice Crest,apartment,Secunderabad,1/1/2025,10,0.11,3BHK,1179.0,1179.0,8066.0,9509814.0,ready
Nice Constructions,P02200005255,Nice Dharmam Nivas,apartment,Secunderabad,1/1/2026,14,0.11,"2BHK , 3BHK",892.0,1433.0,4340.0,3871280.0,future
Subishi Engineers,P02200005398,Subishi Nest Residences,apartment,Secunderabad,1/1/2025,164,2.0,"2BHK , 3BHK",1215.0,2710.0,6000.0,7290000.0,ready
Mallikarjuna Hospitality Private Limited,P02200004841,Mallikarjuna Keesara Gutta Facing County,plot,Secunderabad,1/1/2025,251,20.27,Plot,1350.0,4770.0,5128.0,6922800.0,ready
Modi Properties Pvt Ltd,P02200000482,Modi Mayflower Platinum,apartment,Secunderabad,2/1/2025,189,2.2,"3BHK, 4BHK",1500.0,2140.0,6200.0,9300000.0,ready
Sai Neeraj Constructions Ind Pvt Ltd,P02200002816,Sai Prakruthi Sai Vidya,apartment,Secunderabad,1/1/2027,10,0.1,3BHK,1380.0,1580.0,5730.0,7907400.0,future
Bhoomi Real Estate And Developers,P02200004851,Bhoomi Vartika,apartment,Secunderabad,1/1/2023,25,0.27,2BHK,1112.0,1309.0,3750.0,4170000.0,ready
SGS Constructions,P02500005026,SGS Mahesh Heights,apartment,Secunderabad,1/1/2024,9,0.12,1BHK,1144.0,1144.0,5128.0,5866432.0,ready
AGS And JB Properties,P02200004614,AGS And JB Meadows,plot,Secunderabad,1/1/2024,284,40.9,Plot,2680.0,9817.0,5128.0,13743040.0,ready
Sri Raghavendra Constructions,P02200003889,Sri Raghavendra Nivas,apartment,Secunderabad,1/1/2027,10,0.11,"2BHK , 3BHK",1000.0,1178.0,5500.0,5500000.0,future
Helix Vulcha Developers,P02200003659,Helix Pratapa Rudra Luxury Villas,villa,Secunderabad,1/1/2024,57,5.3,"3BHK , 4BHK",3009.0,4136.0,5500.0,16549500.0,ready
Continental Developers,P02400002913,Continental Happy Nest,apartment,Seriingampally,1/1/2027,10,0.15,3BHK,2058.0,2058.0,7752.0,15953616.0,future
Kalpataru Group,P02500002612,Kalpataru Avante,apartment,Seriingampally,12/1/2026,0,2.98,3BHK,1520.0,2501.0,7760.0,11795200.0,future
Doyen Constructions Pvt Ltd,"P02400004959,P02400004960, P02400004961,P02400003501,P02400003803",Legalas Doyen Ascent Flamingo,apartment,Seriingampally,1/1/2025,80,1.4,3BHK,1725.0,2240.0,8500.0,14662500.0,ready
Doyen Constructions Pvt Ltd,P02400004959,Legalas Doyen Ascent Cardinal,apartment,Seriingampally,1/1/2025,80,1.4,3BHK,1725.0,2240.0,8500.0,14662500.0,ready
Sri Lakshmi Narasimha Developers,P02400003720,Sri Lakshmi Sln S Sindhura,apartment,Seriingampally,8/1/2024,20,0.18,2BHK,1220.0,1220.0,7752.0,9457440.0,ready
Candeur Projects,P02500004515,Candeur Crescent,apartment,Seriingampally,1/1/2025,1230,5.5,3BHK,1958.0,2656.0,8680.0,16995440.0,ready
INDIS,"P02400001477,P02400003069",INDIS Viva City,apartment,Seriingampally,11/1/2025,640,8.15,"2BHK, 3BHK",1367.0,2597.0,8345.0,11407615.0,ready
Jayabheri Properties Pvt Ltd,P02400005088,Jayabheri The Sahasra,apartment,Seriingampally,12/1/2025,966,9.47,"2BHK , 3BHK",1423.0,2511.0,9500.0,13518500.0,ready
Rishi Sai Ram Projects Builders,P02400003504,Rishi Sai Ram Sai S Sannidhi,apartment,Seriingampally,1/1/2027,20,0.18,2BHK,1150.0,1230.0,7752.0,8914800.0,future
My Home Raka,P02400003777,My Home Raka,apartment,Seriingampally,1/1/2025,303,2.45,3BHK,1969.0,2806.0,9000.0,17721000.0,ready
Infocity Infratech,"P02500001025, P02500001002",Infocity Safire,apartment,Seriingampally,1/1/2024,30,1.0,"2BHK , 3BHK",965.0,1570.0,4982.0,4807630.0,ready
Putty Constructions,P02400003946,Putty Sammatri,apartment,Seriingampally,1/1/2022,30,0.21,"2BHK , 3BHK",1130.0,1719.0,7752.0,8759760.0,ready
Manikanta Constructions Builders,P02400002766,Manikanta Arcade,apartment,Seriingampally,1/1/2027,10,0.08,2BHK,1155.0,1182.0,7752.0,8953560.0,future
Sanvi Homes,P02400003499,Sanvis Elegance,apartment,Seriingampally,1/1/2023,30,0.38,3BHK,1545.0,1550.0,4500.0,6952500.0,ready
SPJV mahalaxmi infra,"P02400005750,P02400005933",SPJV Sri P Chenna Ramulus Mahaan,apartment,Shadnagar,1/1/2022,180,1.85,"2BHK, 3BHK",1050.0,1310.0,13061.0,13714050.0,ready
Raj Breeders And Hatcheries,P02400006154,Raj Iconic 2,plot,Shadnagar,1/1/2025,588,34.0,Residential Plots,1467.0,2835.0,13061.0,19160487.0,ready
Siri Sampada Homes,P02400004504,Siri Sampada Sapta Varna,plot,Shadnagar,1/1/2025,276,29.67,Plot,128.0,908.0,26000.0,3328000.0,ready
Sri Siddi Vinayaka Developers And DDL Property Developers,P02400004812,Star City,plot,Shadnagar,1/1/2024,677,46.6,Plot,1314.0,2202.0,2205.0,2897370.0,ready
Sri Padmavathi Estates,P02400005294,OLYMPIA,plot,Shadnagar,8/1/2024,395,34.77,Residential Plots,131.0,300.0,22000.0,2882000.0,ready
Gaddamidi Ravi Shankar,P02400003408,Prakara Prime,apartment,Shadnagar,1/1/2024,25,0.19,2BHK,929.0,1001.0,13061.0,12133669.0,ready
Sree Devi Developers,P02400005189,Sree Green Planet,plot,Shadnagar,8/1/2024,85,7.29,Plot,1540.0,2895.0,13061.0,20113940.0,ready
Building Blocks Projects India Pvt Ltd,"P02400005075,P02400005416",BBG True Grande Commercial,commercial,Shadnagar,1/1/2021,571,120.0,Plot,1320.0,4518.0,13061.0,17240520.0,ready
Blisscorp Wood Breeze,P02400004936,Blisscorp Wood Breeze,plot,Shadnagar,1/1/2024,103,11.0,Plot,2200.0,5648.0,13061.0,28734200.0,ready
Bhavyasree Developers,"P02400005644, P02400005645",Bhavyasree Golden Empire,plot,Shadnagar,1/1/2023,799,54.0,Plot,1323.0,1485.0,13061.0,17279703.0,ready
Ganddu Anjaneyulu,P02400005625,Yuva Park,plot,Shadnagar,6/1/2025,100,14.0,Plot,173.0,269.0,13990.0,2420270.0,ready
Skandhanshi Infra Projects India Pvt Ltd,P02400003792,Skandhanshi Aarambh,plot,Shadnagar,1/1/2026,568,53.71,Plot,1350.0,2700.0,1111.0,1499850.0,future
Arcedo Ventures,P02400004309,Arcedo Lotus Gardens Premium,plot,Shadnagar,1/1/2025,398,30.45,Plot,1548.0,3600.0,13061.0,20218428.0,ready
Building Blocks Projects India Pvt Ltd,P02500003979,BBG True Prime,plot,Shadnagar,1/1/2023,270,18.18,Plot,1650.0,2880.0,13061.0,21550650.0,ready
Sri Aditya Homes Pvt. Ltd,P02400001111,Sri Aditya Athena,apartment,Shaikpet,1/1/2025,523,6.01,3BHK,1626.0,2436.0,9350.0,15203100.0,ready
Raichandani Constructions,P02200004011,RS Raichandani Futnani Villas,apartment,Shamirpet,12/1/2026,116,16.0,3BHK,4065.0,4978.0,7500.0,30487500.0,future
Sumadhuras Gardens By The Brook,P02400004411,Sumadhuras Gardens By The Brook,apartment,Shamshabad,1/1/2025,908,9.32,"2BHK , 3BHK",1285.0,1680.0,7000.0,8995000.0,ready
Aparna,P02400002130,Aparna Altius,apartment,Shamshabad,1/1/2025,251,3.4,"2BHK , 3BHK",899.0,2305.0,7000.0,6293000.0,ready
Reliance Builders,P02400004491,Reliance Courtyard,apartment,Shankarpally,1/1/2025,131,1.2,2BHK,1101.0,1268.0,4300.0,4734300.0,ready
Avatar infra tech,P02400005728,Avatar DLSK Avatar,apartment,Shankarpally,5/1/2027,71,0.16,2BHK,1165.0,1310.0,4300.0,5009500.0,future
Avalanches Infra Tech Pvt Ltd,P02400005938,Avalanches Kasettys Sapthagiri Nagar,plot,Shankarpally,3/1/2024,295,26.21,Residential Plots,1404.0,4248.0,4300.0,6037200.0,ready
Go Green Infra Projects,P01300003547,Go Green Grand,apartment,Siddipet,1/1/2028,98,1.25,"2BHK , 3BHK",1066.0,1546.0,3600.0,3837600.0,future
Grihasidhi developer,P01300005703,Grihasidhi Sri City,plot,Siddipet,10/1/2023,94,7.51,Residential Plots,1700.0,1850.0,3600.0,6120000.0,ready
Pranava Group,P02500001366,Pranava One Hyderabad,apartment,Somajiguda,1/1/2024,158,4.5,"1BHK , 2BHK , 3BHK , 4BHK",829.0,17574.0,15000.0,12435000.0,ready
Sanali Group,P02500005622,Lakefront Sanali Lakeview Terraces,apartment,Somajiguda,10/1/2028,90,1.78,"3BHK , 4BHK",2768.0,4814.0,16050.0,44426400.0,future
DSR SSC Builders And Developers,P02500000356,DSR SSC GVK Skycity,apartment,Somajiguda,1/1/2025,98,3.2,4BHK,4222.0,5555.0,17100.0,72196200.0,ready
B Mallaiah And Others,P02000005942,Green Valley,plot,Somaram,12/1/2024,192,8.5,Plot,1800.0,2206.0,1000.0,1800000.0,ready
SAIARC Infra,P02200005258,Saiarc Surya Elite,apartment,Sri Sai Nagar,6/1/2025,20,0.31,3BHK,1660.0,1660.0,5800.0,9628000.0,ready
Sujay Infra,P02200004307,Sujay Estia,apartment,Sujay Infra,1/1/2027,78,0.86,"2BHK , 3BHK",1233.0,1678.0,7500.0,9247500.0,future
My Home group,P01100006053,Home group Vipina,apartment,Telapur,1/1/2028,3720,20.61,"2BHK, 3BHK",1325.0,2180.0,9672.0,12815400.0,future
Sahiti Constructions,P01100003433,Sahiti Nirupama,apartment,Telapur,1/1/2026,234,2.13,"2BHK , 3BHK",1381.0,2151.0,5400.0,7457400.0,future
KSR Homes Hyderabad,P01100003703,KSR Signature 4,apartment,Telapur,7/1/2025,293,3.5,"2BHK , 3BHK",1122.0,2203.0,6999.0,7852878.0,ready
Rajapushpa Properties Pvt Ltd,P01100005584,Rajapushpa Serene Dale,apartment,Telapur,12/1/2027,256,28.67,4BHK,3405.0,4225.0,6695.0,22796475.0,future
My Home Constructions Pvt. Ltd.,P01100006233,My Home Avali,apartment,Telapur,4/1/2028,745,8.37,"2BHK , 3BHK , 4BHK",1324.0,3612.0,8100.0,10724400.0,future
Sahiti Constructions,P01100003433,Sahitis Nirupama,apartment,Telapur,1/1/2026,234,2.13,"2BHK , 3BHK",1381.0,2151.0,5400.0,7457400.0,future
RAJAPUSHPA PROPERTIES PVT. LTD,P01100003723,Rajapushpa Imperia,apartment,Telapur,1/1/2027,1500,23.97,"2BHK , 3BHK",1350.0,2880.0,7850.0,10597500.0,future
VISION INFRA DEVELOPERS INDIA PRIVATE LIMITED,P01100005595,Visions Arsha,apartment,Telapur,10/1/2027,1561,11.0,"2BHK , 3BHK",1390.0,2700.0,77.0,107030.0,future
Pranathi Constructions,P01100005770,Pranathi Kiara,apartment,Telapur,12/1/2025,360,3.3,3BHK,1410.0,2035.0,6600.0,9306000.0,ready
GHR Infra,P01100004554,GHR Callisto,apartment,Telapur,1/1/2025,1190,8.3,"2BHK , 3BHK",1195.0,1775.0,6200.0,7409000.0,ready
Abode Aravindam,P01100005069,Abode Aravindam,apartment,Telapur,6/1/2028,567,6.27,"2BHK , 3BHK",1350.0,1825.0,6800.0,9180000.0,future
Levonor Lifespaces,P01100005935,Levonor Egeira,apartment,Telapur,12/1/2026,744,4.7,3BHK,1550.0,2659.0,6750.0,10462500.0,future
My Home Group,P01100004593,My Home Sayuk,apartment,Telapur,1/1/2025,3780,25.37,"2BHK , 3BHK",1355.0,4524.0,10490.0,14213950.0,ready
Promac Infra Properties,P02400005329,Promac Urban Elite,apartment,Tukkuguda,9/1/2025,109,1.17,"2BHK , 3BHK",1240.0,1680.0,4800.0,5952000.0,ready
Rubrick Constructions,P02400006000,Rubrick Tulip,apartment,Tukkuguda,12/1/2026,810,6.5,"2BHK, 3BHK",1100.0,2000.0,5200.0,5720000.0,future
Speed Infra Developers LLP,P02400005412,Speed Constella,villa,Tukkuguda,10/1/2028,183,26.59,4BHK,3400.0,5400.0,9500.0,32300000.0,future
Arkala Reality,P02400005619,Arkala Life,apartment,Tukkuguda,8/1/2025,288,5.0,"2BHK , 3BHK",1130.0,1837.0,6011.0,6792430.0,ready
Royal Heart Developers,P02400005560,Royal Heart County,apartment,Tukkuguda,3/1/2026,136,1.43,"2BHK , 3BHK",1145.0,1560.0,5000.0,5725000.0,future
Sreenidhi Estate,P02400005911,Sreenidhi Serengeti,plot,Tukkuguda,1/1/2026,504,70.0,Plot,1800.0,3150.0,4440.0,7992000.0,future
Sai Teja Developers,P02400003013,Sai Tejas Challa Elite,apartment,Tukkuguda,1/1/2027,80,0.99,"2BHK , 3BHK",1141.0,1894.0,5000.0,5705000.0,future
Greenstoneindia Developers Pvt Ltd,P02400005117,Greenstoneindia Kadamba Forest,apartment,Tukkuguda,1/1/2028,241,32.9,"2BHK , 3BHK",1190.0,1634.0,4583.0,5453770.0,future
Ramky Estates & Farms Ltd,P02400000023,Ramky The Huddle,villa,Tukkuguda,1/1/2023,125,9.98,"3BHK, 4BHK",2038.0,3870.0,9568.0,19499584.0,ready
GNR Constructions,P02200004146,GNR Homestead,apartment,Turkapally,1/1/2024,20,0.18,2BHK,1171.0,1191.0,3250.0,3805750.0,ready
Modi Properties Pvt Ltd,P02200001122,Modi Morning Glory Apartments,apartment,Turkapally,6/1/2025,30,0.23,2BHK,640.0,1280.0,3250.0,2080000.0,ready
Indis,P02200005214,Indis Myra Villas,villa,Turkapply,7/1/2027,290,8.06,4BHK,3470.0,3470.0,9000.0,31230000.0,future
Siri Sampada Homes,P02400001424,Siri Sampada Homes Bhuvana,apartment,Turkayamjal,1/1/2024,48,1.37,"2BHK , 3BHK",1143.0,1611.0,4900.0,5600700.0,ready
Aditya Constructions,P02400003396,Aditya Residency Thurkaemjal,apartment,Turkayamjal,1/1/2027,20,0.19,2BHK,1015.0,1065.0,4900.0,4973500.0,future
Serenity Rise Infra,P02400002901,Serenity Mamidi Serenity Homes,apartment,Turkayamjal,1/1/2026,10,0.12,3BHK,1545.0,1545.0,4900.0,7570500.0,future
Rathnakar Reddy Builders And Developers,P02400003580,Rathnakar GVR Aavas,apartment,Turkayamjal,1/1/2027,25,0.23,"2BHK , 3BHK",887.0,1338.0,4800.0,4257600.0,future
Siri Sampada Homes,P02400005297,SIRI Sanskriti,apartment,Turkayamjal,12/1/2024,10,0.13,3BHK,1656.0,1656.0,5000.0,8280000.0,ready
S V Builders And Developers Private Limited,P02500001175,SV Ram Sriniketan,apartment,Unknown,1/1/2025,40,1.0,"3BHK , 4BHK",2565.0,2935.0,6600.0,16929000.0,ready
S And S Build Home Projects LLP,P02200002723,S And S Heights,apartment,Unknown,1/1/2026,10,0.07,"2BHK , 3BHK",1100.0,1125.0,6500.0,7150000.0,future
Habitat Infrastructures,P02200003201,Habitat Ira,apartment,Uppal,1/1/2024,56,0.74,3BHK,1465.0,2235.0,7000.0,10255000.0,ready
Sukhii Group,P02200005226,Sukhii Sree Sumeru,apartment,Uppal,7/1/2028,180,1.32,"2BHK , 3BHK",1285.0,2130.0,6199.0,7965715.0,future
GK Infra And Developers,P02000006094,GK Renuka Highway City,plot,Uppal,2/1/2025,321,23.9,Plot,1507.0,5350.0,2222.0,3348554.0,ready
Udaya Heights Pvt Ltd,P02200005443,Udaya Skyvert,apartment,Uppal,11/1/2028,372,3.19,"2BHK , 3BHK",1155.0,2055.0,6200.0,7161000.0,future
Gar Builders,P02200002704,Gar 71 Liberty Place,apartment,Uppal,1/1/2025,5,0.2,1BHK,349.0,349.0,6500.0,2268500.0,ready
Aashvi Vijetha LLP,P02200004749,Aashvi Urban Habitat,apartment,Uppal,1/1/2028,238,2.66,"2BHK , 3BHK",1345.0,2200.0,6000.0,8070000.0,future
Srija Constructions,P02200002808,Srija White House,apartment,Uppal,1/1/2026,15,0.52,"2BHK , 3BHK",1195.0,1570.0,7961.0,9513395.0,future
Vashista Constructions Hyderabad,P02200002389,Vashista Icon,apartment,Uppal,1/1/2025,75,2.12,"2BHK , 3BHK",906.0,1518.0,4200.0,3805200.0,ready
Alterra Projects Private Limited,P02500003841,Alterra Harsham,apartment,Uppal,1/1/2024,20,0.2,2BHK,1152.0,1152.0,5700.0,6566400.0,ready
Thirumala Constructions,P02200003977,Thirumala GM Residency,apartment,Uppal,1/1/2027,30,0.34,"2BHK , 3BHK",944.0,1442.0,6000.0,5664000.0,future
Divya Deep Constructions Hyderabad,P02200004217,Divya Deep Castle,apartment,Uppal,1/1/2026,10,0.1,"2BHK , 3BHK",1051.0,1216.0,5200.0,5465200.0,future
S S Constructions,P02200003256,SS Navya Vazeer Homes,apartment,Uppal,1/1/2027,10,0.1,3BHK,1386.0,1431.0,6060.0,8399160.0,future
S S Constructions,P02200003252,Navya Lingala Castle,apartment,Uppal,1/1/2027,20,0.2,2BHK,1180.0,1206.0,5820.0,6867600.0,future
The Royal Ridge,P02200002708,AVSM The Royal Ridge,apartment,Uppal,1/1/2025,25,0.41,3BHK,1921.0,2065.0,5600.0,10757600.0,ready
Ramky Group,P02200004880,Ramky One Genext Towers,apartment,Uppal,7/1/2028,596,5.75,"2BHK, 3BHK",1310.0,1860.0,9000.0,11790000.0,future
DPR Infra Projects,P02200003045,DPR Nova Pearl,apartment,Uppal,1/1/2027,10,0.08,2BHK,1173.0,1203.0,5700.0,6686100.0,future
Aishwarya Constructions,P02200002315,Aishwarya GPR Residency,apartment,Uppal,1/1/2020,30,0.92,"2BHK , 3BHK",1036.0,1526.0,5500.0,5698000.0,ready
GCR Builders,P02200002939,GCR Ushodaya Residency,apartment,Uppal,1/1/2023,15,0.16,3BHK,1140.0,1580.0,5820.0,6634800.0,ready
Thirumala Constructions Developers,P02200001131,Thirumala Haasini Enclave,apartment,Uppal,1/1/2025,20,0.15,"1BHK, 2BHK",420.0,768.0,4400.0,1848000.0,ready
EAPL Group,"P02200003746,P02200001779,P02200001536,P02200001780",Sri Tirumala Millenium,apartment,Uppal,1/1/2026,60,2.27,"2BHK , 3BHK",1089.0,2187.0,5310.0,5782590.0,future
RR Infra And Developers,P02200001716,RR Infra Pride,apartment,Uppal Kalan,10/1/2025,10,0.41,3BHK,1800.0,1850.0,5000.0,9000000.0,ready
Metro City Infra Developers,P02200003262,Metro Aratikayala Metro Residency,apartment,Uppal Kalan,7/1/2025,41,0.41,"2,3BHK",1004.0,1430.0,5000.0,5020000.0,ready
Nirman Builders And Developers Hyderabad,P02400002603,Nirman HMT Heights,apartment,Vanasthalipuram,1/1/2025,15,0.13,2BHK,1035.0,1200.0,4800.0,4968000.0,ready
SM Infratech,P02500003211,SM Om Sri Shiva Sai Heights,apartment,Vanasthalipuram,1/1/2027,15,0.15,"2BHK , 3BHK",803.0,1520.0,4900.0,3934700.0,future
Nomula Sudhakar Reddy,P02400004053,Nomula Jeevan Residency,apartment,Vanasthalipuram,1/1/2023,10,0.08,2BHK,1084.0,1099.0,4900.0,5311600.0,ready
Platinum Constructions,P02400005291,Platinum SGR Residency,apartment,Vanasthalipuram,12/1/2024,20,0.17,2BHK,1100.0,1100.0,4900.0,5390000.0,ready
Venkateshwara Enterprises,P02500002961,Venkateshwara KNR Meadows,apartment,Vanasthalipuram,1/1/2027,20,0.18,2BHK,915.0,947.0,5000.0,4575000.0,future
Hallmark Builders,P01100004115,Hallmark 5A,villa,Velimala,1/1/2024,67,5.35,"1BHK , 2BHK , 3BHK",1012.0,3500.0,11000.0,11132000.0,ready
Origin Developers,P01100005791,Origin Amogha,apartment,Velimala,11/1/2025,182,1.62,"2BHK, 3BHK",1255.0,1780.0,6300.0,7906500.0,ready
Invitation Estates,P01100005526,Invitation Green Fields,apartment,Velimala,10/1/2025,178,2.35,"2BHK , 3BHK",1379.0,1842.0,6000.0,8274000.0,ready
Kaakatiya Meadows Private Limited,P01100005670,Kaakatiya Meadows Private Limited,apartment,Velimala,10/1/2027,80,0.66,"2BHK , 3BHK",586.0,1000.0,5299.0,3105214.0,future
Sree Chaitanya Constructions,P02100005989,Urban Abode,plot,Velmala,6/1/2025,221,24.94,Residential Plots,2700.0,7418.0,3599.0,9717300.0,ready
SSL Infra developer,P02100005992,SSL Vaibhavi Vistaara,plot,Vikarabad,1/1/2025,559,3303.0,Plot,1323.0,3196.0,888.0,1174824.0,ready
Giridhari Constructions,P02100004970,Giridhari Fortune Town,plot,Vikarabad,1/1/2024,134,10.5,Plot,1314.0,3353.0,1833.0,2408562.0,ready
Silpa Infratech Limited,P02100005950,Silpa Infratech Limited,plot,Vikarabad,1/1/2021,143,13.0,Plot,1350.0,5930.0,1828.0,2467800.0,ready
Sri Aditya Squares,P01100005569,Green Tech 02 Community,villa,Wadakpally,1/1/2024,274,21.0,4BHK,2147.0,4980.0,6500.0,13955500.0,ready
Dream Nest Builders,P02200001597,Dream Nest Apartment,apartment,Yapral,1/1/2025,10,0.13,3BHK,1328.0,1694.0,4890.0,6493920.0,ready
Sree Ganesh Builders,P02200002852,Sree RM Kalanjali,apartment,Yapral,12/1/2022,15,0.13,2BHK,960.0,1160.0,4890.0,4694400.0,ready
Nidhi Properties,P02200002972,Nidhi The Tulip,apartment,Yapral,1/1/2027,10,0.12,3BHK,1790.0,1790.0,4970.0,8896300.0,future
Heartland Infra,P02200001564,Heartland One,apartment,Yapral,1/1/2025,10,0.1,3BHK,1153.0,1153.0,4500.0,5188500.0,ready
Bindu Homes Private Limited,P02200003522,Bindu Katyayani Enclave,apartment,Yapral,7/1/2022,10,0.15,3BHK,1276.0,1897.0,4890.0,6239640.0,ready
Amar Real,P02200004231,Amar Pearl,apartment,Yapral,3/1/2026,35,0.44,"2BHK , 3BHK",1230.0,1770.0,5200.0,6396000.0,future
G K Builders,P02200001601,G K Grandeur,apartment,Yapral,1/1/2022,10,0.12,"2BHK, 3BHK",1192.0,1478.0,4890.0,5828880.0,ready
Giridhari constructions Builders,P01100003095,Giridhari Signature 1,plot,Zaheerabad,8/1/2023,80,7.15,Plot,1375.0,5337.0,1700.0,2337500.0,ready
